preset	shader	main (0001-0029)	this branch
EoS - glowsticks v2 04 music minimal - swim  - dictatutorial.milk	composite	PARSE_FAIL	COMPILES
EoS+Phat - spectrum bubble new colors - orb sth go 4-ret brothers organs.milk	composite	REJECTED	COMPILES
Flexi - wave function collapse - major dick.milk	composite	REJECTED	COMPILES
Flexi - wave function collapse - majorly dickless combatanth.milk	composite	REJECTED	COMPILES
Flexi - wave function collapse - majorly dickless nz+ puke mash.milk	composite	REJECTED	COMPILES
Flexi - wave function collapse - majorly dickless nz+.milk	composite	REJECTED	COMPILES
Flexi - wave function collapse - majorly dickless.milk	composite	REJECTED	COMPILES
Geiss - Flexi - Redi Jedi - Shifter - Phat - Rovastar - 120287110113(457) - orb sth go 4-ret cataclysmi.milk	composite	REJECTED	COMPILES
Geiss - Flexi - Redi Jedi - Shifter - Phat - Rovastar - 120287110113(457) - orb sth go 4-ret cataclysmic sound roam2.milk	composite	REJECTED	COMPILES
Geiss - Flexi - Redi Jedi - Shifter - Phat - Rovastar - 120287110113(457) - orb sth go 4-ret cataclysmic sound.milk	composite	REJECTED	COMPILES
Geiss - Iris Storm - greyed-out options.milk	composite	REJECTED	COMPILES
NeW Adam Master Mashup FX 2 Geiss and Zylot - Reaction Diffusion 3 (Overload Mix 2) AMAZING MASUP  - orb sth go 4-ret tork.milk	composite	REJECTED	COMPILES
ORB - 3 Pointed Flame.milk	composite	REJECTED	COMPILES
ORB - Arctic Chill.milk	composite	PARSE_FAIL	COMPILES
ORB - Flexi - Chilled Element.milk	warp	PARSE_FAIL	COMPILES
ORB - Flexi - Eleventh Element.milk	warp	PARSE_FAIL	COMPILES
ORB - Flexi - Ninth Element.milk	warp	PARSE_FAIL	COMPILES
ORB - Flexi - Tenth Element.milk	warp	PARSE_FAIL	COMPILES
ORB - Planetary Alignment vs Martin - sparky caleidoscope.milk	warp	REJECTED	COMPILES
ORB - Planetary Alignment.milk	warp	REJECTED	COMPILES
ORB - Quicksand Lab.milk	composite	REJECTED	COMPILES
ORB - Sandblade.milk	warp	REJECTED	COMPILES
ORB - Smoke and Fire.milk	composite	PARSE_FAIL	COMPILES
ORB - Smoke and Ice.milk	composite	PARSE_FAIL	COMPILES
ORB - Solar Fire.milk	composite	REJECTED	COMPILES
ORB - Stahl - Fire Worm.milk	composite	REJECTED	COMPILES
ORB - Stahl - Glass Ocean.milk	composite	REJECTED	COMPILES
ORB - Stahl - Liquid Eyeball.milk	composite	REJECTED	COMPILES
ORB - Stahl - Sunburn.milk	composite	REJECTED	COMPILES
ORB - Stahl - Tantalum Gran sky.milk	composite	REJECTED	COMPILES
ORB - Stahl - The Claw.milk	composite	REJECTED	COMPILES
Stahlregen & Boz - Machine Code (Reaction Diffusion) genial cores.milk	composite	REJECTED	COMPILES
Syst3mFailur - satanic ring V2 nz+ toby f-zero.milk	composite	REJECTED	COMPILES
amandio c - prime forms 2 minor full.milk	composite	REJECTED	COMPILES
blood red raw holy - i am an insulted prude and a concerned parent and a disappearing goat.milk	composite	REJECTED	COMPILES
cpe domains flacc - portable massation segway nz+.milk	composite	REJECTED	COMPILES
cpe domains flacc - portable massation segway nz.milk	composite	REJECTED	COMPILES
cpe domains flacc - portable massation segway roam nz+.milk	composite	REJECTED	COMPILES
cpe domains flacc - portable massation segway roam.milk	composite	REJECTED	COMPILES
cpe domains flacc - portable massation segway.milk	composite	REJECTED	COMPILES
do not fear me, but eat me braqre briq awakened to infinite disappointment my believers follow me to a land.milk	composite	REJECTED	COMPILES
fat cancer cun cet.milk	composite	REJECTED	COMPILES
flertiveneth ov model stain.milk	composite	REJECTED	COMPILES
flexi, stahlregen, geiss + tobias wolfboi - space gelatine burst [golden brilliance rmx]_1 - orb sth go .milk	composite	REJECTED	COMPILES
hexcollie, ti@n, suksma, zylot, orb n flexi - blarffff bubble.milk	composite	REJECTED	COMPILES
mouthful o sand.milk	composite	REJECTED	COMPILES
nontuplet corpse sterility.milk	composite	REJECTED	COMPILES
orb - quicksand sharp.milk	composite	REJECTED	COMPILES
pair up gnothing knew nz.milk	composite	REJECTED	COMPILES
pair up gnothing knew nz2.milk	composite	REJECTED	COMPILES
pair up gnothing knew nz3.milk	composite	REJECTED	COMPILES
pair up gnothing knew.milk	composite	REJECTED	COMPILES
shifter - mosaic mitosis - j4 all servants left to gare.milk	composite	PARSE_FAIL	COMPILES
suksma - amental ruiner broach2.milk	composite	PARSE_FAIL	COMPILES
suksma - anti-tank tamm 1-50.milk	composite	PARSE_FAIL	COMPILES
suksma - astral project x.milk	composite	PARSE_FAIL	COMPILES
suksma - bonnie self.milk	composite	PARSE_FAIL	COMPILES
suksma - borat pubis jokulars.milk	composite	PARSE_FAIL	COMPILES
suksma - care puts us through more pain, which is doubly ironically good.milk	composite	PARSE_FAIL	COMPILES
suksma - chernobyl pie for dessert - more lateral shade of masueality.milk	composite	PARSE_FAIL	COMPILES
suksma - chernobyl pie for dessert - sanguine lococlustarz banefilamanes.milk	composite	PARSE_FAIL	COMPILES
suksma - dikso lactose.milk	composite	PARSE_FAIL	COMPILES
suksma - do get your hopes down.milk	composite	PARSE_FAIL	COMPILES
suksma - dotes hostile undertake - frazzle.milk	composite	REJECTED	COMPILES
suksma - dotes hostile undertake - mash vs expand - flacc - orb sth go 4-ret bowel studies.milk	composite	REJECTED	COMPILES
suksma - dotes hostile undertake - mess - orb sth go 4-ret raygun anti-masturbation.milk	composite	REJECTED	COMPILES
suksma - ed geining hateops - flx matilda nz.milk	composite	REJECTED	COMPILES
suksma - ed geining hateops - flx matilda roam3- nz+.milk	composite	REJECTED	COMPILES
suksma - ed geining hateops - flx matilda roam3-2.milk	composite	REJECTED	COMPILES
suksma - ed geining hateops - flx matilda.milk	composite	REJECTED	COMPILES
suksma - egg space ad hoc kludge regurge.milk	composite	PARSE_FAIL	COMPILES
suksma - eyes that will not see.milk	composite	PARSE_FAIL	COMPILES
suksma - fiShbRaiN - witchcraft (phugly megalopolish remix)2 - horse mane mattresside.milk	composite	PARSE_FAIL	COMPILES
suksma - flexi coheres vacuum energy - shf fab in miatas - orb sth go tableaux.milk	composite	REJECTED	COMPILES
suksma - for all your banking needs.milk	composite	PARSE_FAIL	COMPILES
suksma - fram oil filter ad.milk	composite	PARSE_FAIL	COMPILES
suksma - gambling with my life is ok, go for it.milk	composite	PARSE_FAIL	COMPILES
suksma - infinitely versatile virtual stringed biofeedback instrument.milk	composite	PARSE_FAIL	COMPILES
suksma - insect coarse hair poizen stingers - southern cross jupiter misalignment --- Isosceles edit.milk	composite	PARSE_FAIL	COMPILES
suksma - involuntarily sliding up the dimly lit floorless corroded walls.milk	composite	PARSE_FAIL	COMPILES
suksma - kabbalih yao hymanifolder - frazzle.milk	composite	REJECTED	COMPILES
suksma - kakafonouz larquidark --- Isosceles edit.milk	composite	PARSE_FAIL	COMPILES
suksma - keep up with invalid retrogress.milk	composite	PARSE_FAIL	COMPILES
suksma - lackstastique.milk	composite	PARSE_FAIL	COMPILES
suksma - league fathom slide molech.milk	composite	PARSE_FAIL	COMPILES
suksma - my pal, ball.milk	composite	PARSE_FAIL	COMPILES
suksma - negative infinity for not flinching - neg3.milk	composite	PARSE_FAIL	COMPILES
suksma - negative infinity for not flinching - orb.milk	composite	REJECTED	COMPILES
suksma - never bam.milk	composite	PARSE_FAIL	COMPILES
suksma - no beat forensic.milk	composite	PARSE_FAIL	COMPILES
suksma - not like this, not like this.milk	composite	PARSE_FAIL	COMPILES
suksma - outre seepia sweyy lurk memephetase (2).milk	composite	PARSE_FAIL	COMPILES
suksma - popart death smock leftbrain.milk	composite	PARSE_FAIL	COMPILES
suksma - shadowgate melt ghoul.milk	composite	PARSE_FAIL	COMPILES
suksma - shiny-bladed homicide machine at dusk - occult calendar time lapse slice.milk	composite	PARSE_FAIL	COMPILES
suksma - shiny-bladed homicide machine at dusk - quantum liquid beads riding cosmic strings.milk	composite	PARSE_FAIL	COMPILES
suksma - thought she knew something about the middle east because she grew up there.milk	composite	PARSE_FAIL	COMPILES
suksma - to finally feel like a cyborg.milk	composite	PARSE_FAIL	COMPILES
suksma - water + god roam3.milk	composite	PARSE_FAIL	COMPILES
suksma - water + god.milk	composite	PARSE_FAIL	COMPILES
suksma - water god.milk	composite	PARSE_FAIL	COMPILES
suksma - yaqui mirage master.milk	composite	PARSE_FAIL	COMPILES
