preset,old_native_luma_absolute_error,standard_luma_absolute_error,difference,standard_luma_ratio,standard_mae_authored
$$$ Royal - Mashup (191).milk,0.010098043247126043,0.00037597445771098137,-0.009722068789415061,1.0120456629644214,0.0017054131167242303
$$$ Royal - Mashup (492).milk,6.073489203117788e-06,1.6281592252198607e-06,-4.445329977897927e-06,,0.00013337397649593186
161.milk,0.004129266802920029,8.617929415777326e-05,-0.004043087508762255,0.9939631375264748,0.001573945592099335
19.milk,0.0023322708148043603,0.00025286985328420997,-0.0020794009615201503,0.9812350816677758,0.002165429454180412
2009 4th of July with AdamFX n Martin - into the fireworks E.milk,0.0005876608192920685,0.00017382390797138214,-0.00041383691132068634,0.9998768441901685,0.001120002481911797
3dRaGoNs & Rovastar - StarGate rEmIx (Jelly).milk,0.007474702317267656,0.0007056780159473419,-0.006769024301320314,0.9925489308871029,0.012706608045846224
430.milk,0.00015766937792704994,1.5706846170360222e-06,-0.00015609869331001391,1.0011089057113391,0.000172623503871705
A HD ADAMFX Creation  !!FT  Martin + flexi +  Rovastar MDropFX Collaboration  AdamFX HD INFECTIONFX WitchCraft Disruption .milk,0.0024707982083782554,0.000964467297308147,-0.0015063309110701084,1.0953746614311652,0.00942062574904412
A Tribute to Martin - bombyx mori - Ft Flexi - AdamFX - StahlRegen - Hd In Milk Ailen FX P.milk,0.0027791900211013854,3.064482007175684e-05,-0.0027485452010296285,0.9995895620975446,0.0014168998786772136
Adam Eatit Mashup FX 2 martin - disco mix + Lodus + Geiss + Fruits Machine .milk,0.001252982416190207,0.00030142441391944885,-0.0009515580022707582,1.0014610013927354,0.002954849594971165
AdamFX 2 Geiss - Mash-Up Sphere Xibit Graffiti Warp me Tydye4.milk,0.024925606325268745,0.00627520028501749,-0.018650406040251255,1.0171511651973766,0.12281629350036383
AdamFX Enterz Tha Mash With Martin + stahlregen - AdamFX - In Tha Mash Effectz .milk,0.006426990032196045,0.003095187246799469,-0.003331802785396576,1.000003123890167,0.007944462326122448
AdamFX Enterz Tha Mash With Martin + stahlregen - AdamFX - In Tha Mash Effectz A.milk,0.0011649401276372373,6.6177453845739365e-06,-0.0011583223822526634,0.9999476139030397,0.00024497872891515726
AdamFX Enterz Tha Mash With Martin + stahlregen - AdamFX - In Tha Mash Effectz B.milk,0.010120455175638199,0.0001965826377272606,-0.009923872537910938,1.0014510126969625,0.009028272237628698
AdamFX Enterz Tha Mash With Martin + stahlregen - AdamFX - In Tha Mash Effectz nz splatter bare.milk,0.013448907062411308,0.00033766403794288635,-0.013111243024468422,0.9989255730059785,0.008775061462074518
AdamFX Enterz Tha Mash With Martin + stahlregen - AdamFX - In Tha Mash Effectz nz splatter.milk,0.007217736914753914,0.00022992119193077087,-0.006987815722823143,0.9987743638233045,0.00808708742260933
AdamFx 2 Aderrasi - Airhandler (Last Breath - Calm)Ilusional Discontent2.milk,0.001219719648361206,0.0002978779375553131,-0.0009218417108058929,0.9995495104522097,0.002320278697879985
Bdrv Aderrasi - Chromatic Voyage bdrv etAL.milk,0.0004507303237915039,7.470697164535522e-05,-0.0003760233521461487,1.0000664722622403,0.0006103248742874712
BrainStain-fish on.milk,0.03573211748152971,0.010465978179126978,-0.025266139302402735,1.263940304523619,0.021618914790451527
Did It Again-  Stahlregen & Aderrasi + EoS + Geiss + Unchained + Zylot - Slowflowers Ft Martin (AdamFXRemix)4.milk,0.0,0.0,0.0,1.0,0.0
Did It Again-  Stahlregen & Aderrasi + EoS + Geiss + Unchained + Zylot - Slowflowers Ft Martin (AdamFXRemix)6.milk,7.189810276031494e-05,7.997453212738037e-05,8.07642936706543e-06,0.9999195152668606,0.00024782601497008727
EVET + Esotic & Krash - Rolly Poly.milk,0.0011200718581676483,0.000145740807056427,-0.0009743310511112213,0.9997150828754743,0.010751946596428752
EVET - Hypraxis.milk,0.005799693986773491,0.003484334796667099,-0.002315359190106392,0.9829776468842965,0.009323078615125269
EVET - The Id Machine 2.milk,0.017755303531885147,0.0015039630234241486,-0.016251340508461,0.9975162611600047,0.037043574964627624
EoS + Redi Jedi - frequency analysis + glowsticks -  glow - o - scope female (Milkdrop beta ver).milk,0.006906043738126755,0.00039732642471790314,-0.006508717313408852,0.9986861672475197,0.0022232428163988516
EoS + Redi Jedi - frequency analysis + glowsticks -  glow - o - scope male (Milkdrop beta ver).milk,0.006886642426252365,0.00039766356348991394,-0.006488978862762451,0.9986910598842942,0.0022003178601153195
EoS + Redi Jedi - frequency analysis + glowsticks -  glow - o - scope pat (Milkdrop beta ver).milk,0.007065072655677795,0.00037551671266555786,-0.0066895559430122375,0.9987429847374781,0.0020296126895118505
EoS + Redi Jedi - frequency analysis + glowsticks - demon's dream (Milkdrop beta ver).milk,0.003610513638705015,0.00018752412870526314,-0.003422989509999752,0.9982693394495791,0.001614883469301276
EoS + Redi Jedi - frequency analysis + glowsticks - long armed raver (Milkdrop beta ver).milk,0.0039412155747413635,0.0002499581314623356,-0.003691257443279028,0.9979966350707323,0.001837030693423003
EoS - sectorLoc B_phat_ugly remix 01 EoS7p nz+ crab lardvae.milk,0.0029562637209892273,0.005428873002529144,0.002472609281539917,0.9894451626976765,0.06153322570025921
EoS+Phat - I_v2_Shape_v3.milk,0.14319537300616503,0.00018332619220018387,-0.14301204681396484,1.0002892603558309,0.003015902722836472
EoS_Phat_PeterP_Sentinel_Aware_6 EoS edit C.milk,0.09218700439669192,0.07698119850829244,-0.015205805888399482,0.3957882662231089,0.08076356683159247
EoS_Phat_PeterP_Sentinel_Aware_6 EoS edit C_b.milk,0.004433276131749153,0.002308095805346966,-0.0021251803264021873,0.9545691123614799,0.009197689883876592
EoS_Phat_PeterP_Sentinel_Aware_6 EoS edit slice into your beautiful love.milk,0.00013071279681753367,2.4352804757654667e-05,-0.000106359992059879,0.9944469836893999,0.00022119347431726055
Fed - quadratrail.milk,0.0009122394258156419,2.6958558009937406e-05,-0.0008852808678057045,1.004271776942887,0.0010567313802312128
Flexi + orb + geiss - the computer is your friend trust the computer.milk,0.09106719307601452,0.10843878239393234,0.017371589317917824,1.128181647465886,0.28119431622326374
Flexi - emergencey 2 --- Isosceles edit2a erase edges.milk,0.0,0.0,0.0,,0.0
Flexi - emergencey 2 --- Isosceles edit6c warp invert.milk,0.0,0.0,0.0,,0.0
Flexi - emergencey 2 --- Isosceles edit6d warp invert.milk,0.0,0.0,0.0,,0.0
"Fumbling_Foo & Flexi, Martin, Orb - Acid Mandala v1c.milk",0.04017696529626846,0.0025981785729527473,-0.037578786723315716,0.985992732329978,0.017811399535275996
Geiss - Color Pox (Van Gogh Mix) (color saturation remix).milk,0.009111914783716202,0.016866933554410934,0.007755018770694733,1.0510953727218724,0.1386768976226449
Geiss - Motion Blur.milk,3.4111399145331234e-06,4.904686647932976e-07,-2.9206712497398257e-06,,2.1642639694618993e-05
Geiss - Tadpole Hunter.milk,0.00634477912899456,0.0004926537530991482,-0.005852125375895412,0.9874106971673815,0.00049903696981346
Goody + martin - crystal palace - Schizotoxin - The Wild Iris Bloom - mess2 nz+ souls at zero facing.milk,0.001636497676372528,0.0005979612469673157,-0.0010385364294052124,1.0016934112888003,0.0036544060858432204
Goody's Datura Bloom.milk,0.004966869950294495,8.670240640640259e-05,-0.004880167543888092,0.9999218785507878,0.0006252193506952608
Halfbreak - EFFECTAMT 4PORT (Seizure Techno).milk,0.028821462765336037,0.022323831915855408,-0.006497630849480629,1.101648584030998,0.06489859154680744
Hexcollie - Julian Shader Wars4 nz+ sports fart.milk,0.0006323195618836985,9.319743057845109e-06,-0.0006229998188258534,0.9999523756600781,0.0018763767152615296
Hexcollie - Ultra daze.milk,0.001108969168853946,6.43894454697147e-05,-0.0010445797233842313,0.9950684248898055,0.00012535069798946807
Idiot24-7-mindbender7(superbendmix1).milk,0.001230243593454361,0.0004974901676177979,-0.0007327534258365631,0.9984897760767114,0.010410711052827537
Jc - Geometry 101.milk,0.0004097807686775923,0.0014522479614242911,0.0010424671927466989,1.1272472395018769,0.0049253466495429166
Liquid Glowsticks - ATwisted Pre Set Mix By AdamFX 2 martin - disco mix Ft Hexocollie 27.milk,0.0011725299409590662,2.2843247279524803e-05,-0.0011496866936795413,0.9988208216228339,0.0005802787485436056
LuxXx - A Sober Life (wasted).milk,0.003593787841964513,1.7942104022949934e-05,-0.003575845737941563,0.9994354515425798,0.0006501387870230246
LuxXx - All That I Am.milk,0.00290524959564209,9.083747863769531e-05,-0.0028144121170043945,0.9998986609262882,0.00842478038975969
LuxXx - Beat Machina III.milk,0.0011931192129850388,0.0002719936892390251,-0.0009211255237460136,1.0018660935113668,0.015378945972770452
LuxXx - Brain Grind i.milk,0.003937794826924801,0.001061806920915842,-0.002875987906008959,1.0087607114439672,0.033378285355865955
LuxXx - Burnwheel I.milk,0.016346724703907967,0.0017769057303667068,-0.01456981897354126,0.994441781546608,0.015455914079211652
LuxXx - Fuck ur Fractal Muscles II.milk,0.003439508844166994,4.1029416024684906e-05,-0.003398479428142309,0.9995048238563873,0.0003535347022989299
LuxXx - HipHop UrethraFish I.milk,0.002174678724259138,0.0018736952915787697,-0.0003009834326803684,1.0026074238677545,0.022757349768653512
LuxXx - The BeatSlime.milk,0.001066821627318859,0.0006903074681758881,-0.00037651415914297104,0.9980116396767038,0.02198059658985585
LuxXx - Up Too Long Lightsticks 1-3.milk,1.619011163711548e-05,1.1429190635681152e-05,-4.760921001434326e-06,1.000011042806493,7.258075257254859e-06
LuxXx - electric cell park a.milk,0.003338456153869629,0.0009433473460376263,-0.0023951088078320026,0.9953745252946732,0.017073782859370112
LuxXx - electric cell park b nz+.milk,0.012911343015730381,0.004437227733433247,-0.008474115282297134,0.9847946133114184,0.1602472197264433
LuxXx - electric cell park b.milk,0.016509057953953743,0.001486663706600666,-0.015022394247353077,1.0072666488801687,0.05036815628409386
Martin - Pixies Party (Hakan mash-up) 7.milk,0.0018366416916251183,1.1086929589509964e-05,-0.0018255547620356083,0.9997691858214773,0.0052271304884925485
Martin - Pixies Party (Hakan mash-up) 9-1.milk,0.006850676843896508,0.00020102295093238354,-0.006649653892964125,0.9951318897983313,0.0020221976737957448
Mig_Oscilloscope005.milk,0.014016545610502362,0.00015026680193841457,-0.013866278808563948,1.0048503266503428,0.0017820088396547362
Mig_Oscilloscope022 b.milk,8.414126932621002e-05,9.961286559700966e-05,1.5471596270799637e-05,1.0021352661569431,0.00020312925425969297
Milk Artist At our Best - FED - SlowFast Ft AdamFX n Martin - HD CosmoFX Also Ft Mstress n Armandio  - Thought About YouFX.milk,0.01162586361169815,0.005705244839191437,-0.005920618772506714,1.0009100189562545,0.03269427118357271
ORB - Toy Snakes Starry Night.milk,0.011544609442353249,0.00026591215282678604,-0.011278697289526463,0.998530285088434,0.008496946335071698
Phat+EoS_Mandala_Chasers_remix_Targeting_mix shf what too much activity.milk,0.0046266173012554646,0.0024050173815339804,-0.002221599919721484,0.9765099622185885,0.021148819010704756
Phat+fiShbRaiN_Looker --- Isosceles Edit.milk,0.008915261481888592,7.94408842921257e-05,-0.008835820597596467,0.9999939907868554,0.004491322149988264
PieturP - sunflare.milk,0.0,0.0,0.0,,0.0
Rarian Rakista - On the Water.milk,0.007133606821298599,0.00030750781297683716,-0.006826099008321762,0.9994736827439243,0.0053862536733504385
Rovastar - Hyperspace (Hyper Speed Mix) (Jelly).milk,0.008043218869715929,0.0007412335835397243,-0.007301985286176205,1.012138947278502,0.02948202972766012
Rozzor & Esotic - PPL (NWI) Mandala Chill Color Reactive Texture Tweaked.milk,0.0029549063183367252,0.0003406163305044174,-0.002614289987832308,0.999945203439385,0.009501213789917529
Rozzor & Neuro - Starover (Semicolon Mix).milk,0.0007505528628826141,0.00027666985988616943,-0.0004738830029964447,0.9998805838693046,0.0020454643163247965
Rozzor vs Esotic - Pixie Party Light (With Liquid Refreshment).milk,0.0009407550096511841,0.00023903697729110718,-0.0007017180323600769,0.9996466441953537,0.00552322855219245
Serge + martin - crystal palace003.milk,0.04761151783168316,2.7641654014587402e-05,-0.04758387617766857,1.0001145992582092,0.00550981709966436
Stahlregen & Geiss + TobiasWolfBoi - Jelly Space Desert Rose.milk,0.001021742820739746,0.00018739141523838043,-0.0008343514055013657,1.0010894515232893,0.009064628044143319
Stahlregen & flexi + Geiss + martin + Rovastar - Tides (martin's metallics).milk,0.003979267552495003,0.0016949456185102463,-0.0022843219339847565,0.9924556393330537,0.01917604322079569
Stahlregen - Do the Wave (V2 minimal - PS2 blur nondynamic).milk,0.018900005146861076,0.0016825143247842789,-0.017217490822076797,0.9948450716891272,0.0042061190761160105
Stahlregen - funky Blur (lotus mix) the genius in me lies right at the heart of the flacc nz+.milk,0.00035444460809230804,1.3730721548199654e-05,-0.0003407138865441084,1.00012848432419,0.0009202250876114704
Stahlregen - funky Blur (lotus mix) the genius in me lies right at the heart of the flacc.milk,2.7523376047611237e-05,1.7073005437850952e-05,-1.0450370609760284e-05,1.0000899401467571,0.001019542534777429
Starz in MilkHDFX - Stahlregen & Aderrasi + EoS + Geiss + Unchained + Zylot + Flexi + Martin + AdamFX A.milk,0.004413479822687805,0.0018356688087806106,-0.002577811013907194,0.9914101117536368,0.003190541348885745
Syst3mFailur - satanic ring V2.milk,0.0,0.0,0.0,1.0,0.0
TonyMilkdrop - I Like Cartoon --- Isosceles edit.milk,0.06174445152282715,0.04022201895713806,-0.021522432565689087,1.0029209748677697,0.10187045740894973
TonyMilkdrop - This Is A Painting [Flexi - let go + $this shall not retain] --- Isosceles edit.milk,0.00016760826110839844,8.404254913330078e-06,-0.00015920400619506836,1.0000143871355744,0.00012515448906924576
Unchained-liquardoblitz [shifter's esc shader].milk,0.013031169772148132,0.0021632984280586243,-0.010867871344089508,0.9966321543806107,0.031799342250451446
Waltra - Heaven Liquid.milk,0.008754471316933632,0.0003575645387172699,-0.008396906778216362,1.0014343439670346,0.0021888992632739246
Zylot & Idiot24-7 - Unknown Power Source.milk,0.0007521752268075943,0.00037828274071216583,-0.00037389248609542847,1.0005008421719288,0.009730788064189255
Zylot & Shifter - Tartan (Silent Heaven Mix).milk,0.006311619537882507,7.31729669496417e-05,-0.006238446570932865,0.9967820401850175,0.0013233657882665284
afunction knegatson windpissinglistening.milk,0.003899077884852886,0.00026534777134656906,-0.003633730113506317,1.0006969588020571,0.0037184253887971863
akish - placard - do what you say - i can't stand you.milk,0.011774947866797447,0.0032723117619752884,-0.008502636104822159,1.004893615493014,0.24236864782869816
akish - placard - how could i ever understand you.milk,0.010884996503591537,0.003101291134953499,-0.007783705368638039,0.9991657236310295,0.24434709921479225
akish - placard - you were always so far away.milk,0.009211240336298943,0.0019531678408384323,-0.00725807249546051,0.999194283464254,0.17816497385501862
akish - placard - you were always so hard to find.milk,0.0008190060034394264,0.00016759801656007767,-0.0006514079868793488,1.0001287712063986,0.01611427537864074
all death angel watch Erd 3y3 mBetraeqx.milk,0.01245030015707016,0.00010912865400314331,-0.012341171503067017,0.9998707940243978,0.0074103279039263725
amandio c - codex 4 - cabasal dandelioness nz+wp2.milk,0.009841423481702805,0.0020789457485079765,-0.007762477733194828,1.0122755782916621,0.018741994397714734
amandio c - codex 4 - cabasal dandelioness nz+wp3.milk,0.0012643560767173767,0.0007418021559715271,-0.0005225539207458496,1.0007732070065216,0.006671358656603843
amandio c - codex 4 - plot wag nz+ necrophors gadget lard.milk,0.0,0.0,0.0,,0.0
amandio c - epicenter the end of the world we never knew.milk,0.0015712529420852661,0.0006109662353992462,-0.0009602867066860199,1.0010426361930584,0.007437904190737754
amandio c - epicenter zero improvement hackery.milk,0.00027296412736177444,0.00021914765238761902,-5.3816474974155426e-05,1.0000048041797138,0.005500974541064352
amandio c - prime forms keylontiq pseudoskienke linqweth.milk,0.0054299235343933105,0.004109267145395279,-0.0013206563889980316,0.9909490915909858,0.03515757923014462
astral spinorgentics encrustcore nz+.milk,0.15140482690185308,0.017935829237103462,-0.13346899766474962,0.9491197857274944,0.08366544218733907
chris grease organiq stymied parchment phlossidite logos holographeme flynn floyd.milk,0.00472300685942173,0.000844314694404602,-0.003878692165017128,1.0025345344831473,0.013624557468574494
geiss_experimental__Spiral Artifact (Filament Mix) - voronoi circles mix.milk,0.03322944382671267,5.9797021094709635e-06,-0.0332234641246032,1.0000027181724238,6.338047433018801e-05
goody - woven beads (ps2-0).milk,1.3537704944610596e-05,1.3537704944610596e-05,0.0,1.0000120379266757,0.010603054193779826
martin + stahlregen - martin in da mash 12a.milk,0.02000209828838706,0.00015519186854362488,-0.019846906419843435,1.0007878369980092,0.01384452631464228
martin + stahlregen - martin in da mash 12b.milk,0.12058078590780497,0.00016662757843732834,-0.12041415832936764,1.0005209279885767,0.0057522093411535025
martin + stahlregen - martin in da mash 13.milk,0.004341697320342064,7.716193795204163e-05,-0.004264535382390022,1.00053765302876,0.007445436378475279
martin - beamer code 22h - lines - rhythmic and fast.milk,3.9814505726099014e-05,6.882753223180771e-05,2.9013026505708694e-05,0.9989152502309349,0.0008774206289672293
martin - pixies party d-strux wille itunes.milk,0.0020788125693798065,0.00025543011724948883,-0.0018233824521303177,0.9997948486457785,0.014923894894309342
martin - pixies party d-strux wille.milk,0.0020788125693798065,0.00025543011724948883,-0.0018233824521303177,0.9997948486457785,0.014923894894309342
martin - pixies party filth edition.milk,5.033658817410469e-05,3.796117380261421e-05,-1.2375414371490479e-05,0.9994501478502053,0.00039824708437663503
martin - pixies party linkwurst love.milk,0.0014624563045799732,7.987627759575844e-05,-0.0013825800269842148,0.9992916180965361,0.015566881796985399
martin - purple pulsator - mom - ns2w nz.milk,0.0001738422579364851,1.1856536730192602e-06,-0.00017265660426346585,0.9998762624704872,0.00016621772692815284
martin - purple pulsator - mom - ns2w.milk,0.00047283596359193325,6.777234375476837e-06,-0.0004660587292164564,0.9998964973100999,0.0005493986063811462
martin - purple pulsator nz+.milk,0.0018425755552016199,2.1033454686403275e-05,-0.0018215421005152166,1.000036834399755,0.0017688444640953094
martin - purple pulsator.milk,0.003896135720424354,1.5980680473148823e-05,-0.0038801550399512053,0.9998451940666996,0.0023138292599469423
martin - sparky caleidoscope.milk,0.023483602330088615,0.0001944657415151596,-0.023289136588573456,1.00044497227534,0.01025044685229659
midgitstraights of majillaen - featy sweet.milk,0.0004377099685370922,6.615312304347754e-05,-0.0003715568454936147,1.0024607229032667,0.005958927271421999
mine idiosphuhrer (throw it all away) satan m anticipating my arrival in hell nz+.milk,0.0032066828571259975,0.0001745983026921749,-0.0030320845544338226,0.9994728218420095,0.01495836820686236
mine idiosphuhrer (throw it all away) satan m anticipating my arrival in hell nz+2.milk,0.0007393136620521545,0.0001774802803993225,-0.000561833381652832,1.0003429875862797,0.014805691898800433
more breedre presets.milk,0.0,0.0,0.0,1.0,0.0
my dismal dream i live and breath i realize i cannot leave.milk,0.0,0.0,0.0,1.0,0.0
phat_RippleNebula_update.milk,4.939734935760498e-06,4.954636096954346e-06,1.4901161193847656e-08,1.0000022965407023,8.424273048035502e-06
rce-ordinary - melt spinner.milk,0.002052611074759625,0.000526534699019976,-0.001526076375739649,1.0376344587454676,0.0019171143794665113
rediculator qrem glob.milk,0.011152170598506927,0.03240986168384552,0.021257691085338593,1.0399945219736555,0.028267911489820108
shifter + Flexi - liquid circuitry from the oblivion hive nz+ the only art in the omniverse is turing machine translation2 postmortem.milk,0.006993494927883148,0.006497185677289963,-0.0004963092505931854,1.0114465952392457,0.1373568782582879
shifter - brain coral flip.milk,0.0,0.0,0.0,1.0,0.0
shifter - brain coral.milk,0.0,0.0,0.0,1.0,0.0
shifter - fuzzball_1.milk,0.0007457904139300808,6.519301678054035e-06,-0.0007392711122520268,1.0014325544053615,0.0008402997991652228
shiter redi jedi- agar mass prunre qaent possibly mbattre.milk,0.01627494115382433,0.0006389804184436798,-0.01563596073538065,1.0017564886363275,0.011861064936965704
"skipper skipper kiss me hard - thank god for martin nitorami - there is no free will, there is no cause, there is no effect nz+ #1 champion.milk",0.0011551561765372753,5.0952425226569176e-05,-0.0011042037513107061,0.9998056913735985,0.001151354910689406
sonar cow.milk,0.00419833353953436,0.00016822939505800605,-0.004030104144476354,1.0062849336901418,0.0050620795373106375
stahlregen - dots (psychedelic flower v2 - gamma tweak).milk,0.0008507296442985535,0.0015049483627080917,0.0006542187184095383,1.0118083859295206,0.002877199702197686
suksma - Hexcollie - Julian Carnival - shimmy dumb grid dogmaklyasm nz+5.milk,0.0029015999753028154,0.008185446495190263,0.005283846519887447,0.9457138587805071,0.033104897889643325
suksma - Hexcollie - Julian Carnival - shimmy dumb grid dogmaklyasm nz+6.milk,0.02214673161506653,0.05515129119157791,0.03300455957651138,0.844215553966623,0.12514333240687847
suksma - ShadowHarlequin - mashup - Neon Starscape - butchered hogs with venom spread.milk,0.0,0.0,0.0,1.0,0.0
"suksma - Zylot - Fusion (sunbirth mix) - mash0000 - if i were three terror alien entities in one, maybe --- Isosceles edit.milk",0.0,0.0,0.0,,0.0
"suksma - coal drapes - mrt fsh it wasn't enough that i was your slave, now you want my pacemaker.milk",0.008051726967096329,0.0014517009258270264,-0.006600026041269302,0.9947831130259712,0.03518939693458378
"suksma - compelled me to mash, the bastard.milk",0.002095191739499569,1.5180092304944992e-05,-0.002080011647194624,0.9998339967256692,0.0020382320653880015
suksma - dicked.milk,0.0005792230367660522,4.204176366329193e-05,-0.0005371812731027603,1.0000236165102465,0.00212844560155645
"suksma - don't know, but yes this bored (adnan's).milk",0.00610465370118618,0.0261065773665905,0.02000192366540432,1.0048793649347247,0.11059244070202112
suksma - ed geining hateops - Infernal Imitator Mix.milk,0.00011365846148692071,1.289282226935029e-05,-0.00010076563921757042,0.9998612827065239,0.00028658329483732814
suksma - gaeomaentaec.milk,0.0008076410740613937,0.0005493061617016792,-0.0002583349123597145,0.9941838311031246,0.007896684051956981
suksma - grainery clock mortis.milk,0.018509231507778168,0.005444295704364777,-0.013064935803413391,1.0126122870350451,0.020705141127109528
suksma - martin - neon space ps3 - dotes2 - flx flacc roam3 piss verticle.milk,0.003019333351403475,0.0003712102770805359,-0.002648123074322939,0.9992123261483994,0.0052525626961141825
suksma - selectron validumb blegula auralsect put the screws to you.milk,0.01878814399242401,0.005483485758304596,-0.013304658234119415,1.0130552292217783,0.13362483587116003
suksma - shape instance exp 3 - bulloxain - flacc.milk,0.0017740391194820404,0.006368070840835571,0.004594031721353531,1.014417313420444,0.19660475477576256
suksma - sloughluvial magknitpicking quadropodes.milk,0.0,0.0,0.0,1.0,2.4024095182539895e-05
suksma - society caves in.milk,0.0,0.0,0.0,1.0,0.0
suksma - staining aethers of lovegrudge barfpain --- Isosceles edit2.milk,0.0022619515657424927,3.022700548171997e-05,-0.0022317245602607727,0.9999945029225072,0.0005220043832148136
suksma - vector exp 1 - couldn't not.milk,0.01089487411081791,9.043514728546143e-05,-0.010804438963532448,1.0000265280310938,0.019024617387913167
there is gum stuck to my hate.milk,0.03474605083465576,0.005022283643484116,-0.029723767191171646,1.011004002995075,0.17954260855913162
undulant safe preyre --- Isosceles edit.milk,0.0,0.0,0.0,1.0,0.0
va ultramix - 290_3.milk,0.0056154765188694,0.0006444826722145081,-0.004970993846654892,0.9984268643792181,0.023851942969486117
va ultramix2 - 532_2.milk,0.0043327659368515015,0.0006799213588237762,-0.0036528445780277252,0.9978781428414266,0.019853428239002824
va ultramix2 - 533_1.milk,0.0022948943078517914,0.001483473926782608,-0.0008114203810691833,0.9968882920304685,0.019083982100710273
va ultramix2 - 534.milk,0.004700228571891785,0.0005181990563869476,-0.004182029515504837,0.9987198715003252,0.02210189332254231
