preset,profile,mae_before,mae_after,luma_error_before,luma_error_after,contrast_error_before,contrast_error_after
$$$ Royal - Mashup (191).milk,standard,0.0017054131167242303,0.0013032026836299337,0.00037597445771098137,8.141272701323032e-05,0.000987629871815443,0.00044191349297761917
$$$ Royal - Mashup (191).milk,medium,0.001769315218552947,0.0013332806120160967,0.00039862142875790596,9.021407458931208e-05,0.0009634201414883137,0.0004992727190256119
$$$ Royal - Mashup (191).milk,high,0.0018130332755390555,0.001361020520562306,0.00041383341886103153,0.00010166957508772612,0.0009513809345662594,0.0004834607243537903
$$$ Royal - Mashup (492).milk,standard,0.00013337397649593186,0.00013336233678273857,1.6281592252198607e-06,1.6479207260999829e-06,0.0005059323739260435,0.0005057157250121236
$$$ Royal - Mashup (492).milk,medium,0.00013395728274190333,0.0001339477203146089,2.137054252671078e-06,2.144279278581962e-06,0.0005060895346105099,0.000505993259139359
$$$ Royal - Mashup (492).milk,high,0.0001345239634247264,0.00013451377708406653,2.5939589249901474e-06,2.611282980069518e-06,0.0005077507812529802,0.0005076435627415776
161.milk,standard,0.001573945592099335,0.0010664794244803488,8.617929415777326e-05,1.9890343537554145e-05,0.0005877532530575991,0.0002874711062759161
161.milk,medium,0.0017128157269326039,0.0011992848303634673,0.00015843703295104206,3.44614963978529e-05,0.0004959461512044072,0.0003010944928973913
161.milk,high,0.001960769579454791,0.0014394216268556193,0.00022010938846506178,4.4641579734161496e-05,0.0004545211559161544,0.0003169008996337652
19.milk,standard,0.002165429454180412,0.0021682818114641123,0.00025286985328420997,0.00025439112505409867,0.00022052472922950983,0.00021876924438402057
19.milk,medium,0.0029660717700608075,0.002174242203182075,0.0005960518028587103,0.00025462468329351395,0.0005497055826708674,0.0002188743674196303
19.milk,high,0.004456950904568657,0.002185182638640981,0.0011013428011210635,0.0002540063433116302,0.0013161530951038003,0.0002193580148741603
2009 4th of July with AdamFX n Martin - into the fireworks E.milk,standard,0.001120002481911797,0.0011199879154446535,0.00017382390797138214,0.0001738090068101883,0.00015588849782943726,0.00015587825328111649
2009 4th of July with AdamFX n Martin - into the fireworks E.milk,medium,0.001120002481911797,0.0011199879154446535,0.00017382390797138214,0.0001738090068101883,0.00015588849782943726,0.00015587825328111649
2009 4th of July with AdamFX n Martin - into the fireworks E.milk,high,0.001120002481911797,0.0011199879154446535,0.00017382390797138214,0.0001738090068101883,0.00015588849782943726,0.00015587825328111649
3dRaGoNs & Rovastar - StarGate rEmIx (Jelly).milk,standard,0.012706608045846224,0.012706608045846224,0.0007056780159473419,0.0007056780159473419,0.001114564947783947,0.001114564947783947
3dRaGoNs & Rovastar - StarGate rEmIx (Jelly).milk,medium,0.012806653743609786,0.012806653743609786,0.0008415086194872856,0.0008415086194872856,0.0007355576381087303,0.0007355576381087303
3dRaGoNs & Rovastar - StarGate rEmIx (Jelly).milk,high,0.013050543144345284,0.013050543144345284,0.0009019472636282444,0.0009019472636282444,0.0006924774497747421,0.0006924774497747421
430.milk,standard,0.000172623503871705,0.0001719661935055683,1.5706846170360222e-06,2.373300731051131e-06,0.0002039422597590601,0.00020481852698139846
430.milk,medium,0.00017727270527245764,0.00017661207132846357,9.138533414443373e-07,1.7035129076248268e-06,0.00022115290266810916,0.00022206843277672306
430.milk,high,0.00018268087772810304,0.00018203727785248702,8.171293757186504e-07,1.6228100321313832e-06,0.00023255994346982334,0.00023349106595560443
A HD ADAMFX Creation  !!FT  Martin + flexi +  Rovastar MDropFX Collaboration  AdamFX HD INFECTIONFX WitchCraft Disruption .milk,standard,0.00942062574904412,0.007318443851545453,0.000964467297308147,0.0010021333582699299,0.0007738196291029453,0.0008357139304280281
A HD ADAMFX Creation  !!FT  Martin + flexi +  Rovastar MDropFX Collaboration  AdamFX HD INFECTIONFX WitchCraft Disruption .milk,medium,0.014017386827617884,0.0077057318412698805,0.0011956223752349615,0.0011514555662870407,0.0015267918352037668,0.0013723631855100393
A HD ADAMFX Creation  !!FT  Martin + flexi +  Rovastar MDropFX Collaboration  AdamFX HD INFECTIONFX WitchCraft Disruption .milk,high,0.0140708745457232,0.007771782053168863,0.0007906188257038593,0.0007610113825649023,0.001116541214287281,0.0010352726094424725
A Tribute to Martin - bombyx mori - Ft Flexi - AdamFX - StahlRegen - Hd In Milk Ailen FX P.milk,standard,0.0014168998786772136,0.0014302170184237184,3.064482007175684e-05,2.0688690710812807e-05,0.0002238037995994091,0.00022597191855311394
A Tribute to Martin - bombyx mori - Ft Flexi - AdamFX - StahlRegen - Hd In Milk Ailen FX P.milk,medium,0.0015600096648995532,0.0015670483735448215,7.095653563737869e-05,5.718722240999341e-05,0.00024241860955953598,0.00024064769968390465
A Tribute to Martin - bombyx mori - Ft Flexi - AdamFX - StahlRegen - Hd In Milk Ailen FX P.milk,high,0.0019723020759556675,0.0019619299473561114,0.0001176444930024445,0.00010315841063857079,0.0002631954848766327,0.0002602660097181797
Adam Eatit Mashup FX 2 martin - disco mix + Lodus + Geiss + Fruits Machine .milk,standard,0.002954849594971165,0.00295346899292781,0.00030142441391944885,0.00029690784867852926,0.0006156265735626221,0.0006105843931436539
Adam Eatit Mashup FX 2 martin - disco mix + Lodus + Geiss + Fruits Machine .milk,medium,0.0030252966716943774,0.003000678072567098,0.00033302459632977843,0.00030702981166541576,0.0006613805890083313,0.0006480254232883453
Adam Eatit Mashup FX 2 martin - disco mix + Lodus + Geiss + Fruits Machine .milk,high,0.003155206642986741,0.003089866164373234,0.0003928084042854607,0.0003149916301481426,0.0007128515280783176,0.0006766635924577713
AdamFX 2 Geiss - Mash-Up Sphere Xibit Graffiti Warp me Tydye4.milk,standard,0.12281629350036383,0.0009006520558614284,0.00627520028501749,1.0203570127487183e-05,0.005148508585989475,0.000314909964799881
AdamFX 2 Geiss - Mash-Up Sphere Xibit Graffiti Warp me Tydye4.milk,medium,0.1314733875915408,0.001183161737571936,0.01821099780499935,4.9085356295108795e-05,0.00936879962682724,0.000275283120572567
AdamFX 2 Geiss - Mash-Up Sphere Xibit Graffiti Warp me Tydye4.milk,high,0.1246587997302413,0.0019057162571698427,0.016049238853156567,0.00012838374823331833,0.010012329556047916,0.00020597223192453384
AdamFX Enterz Tha Mash With Martin + stahlregen - AdamFX - In Tha Mash Effectz .milk,standard,0.007944462326122448,0.005987133248709142,0.003095187246799469,0.0019688084721565247,0.0014192238450050354,0.001104246824979782
AdamFX Enterz Tha Mash With Martin + stahlregen - AdamFX - In Tha Mash Effectz .milk,medium,0.009423104143934324,0.0060198971623321995,0.0027950555086135864,0.0019717514514923096,0.0014518946409225464,0.0011118128895759583
AdamFX Enterz Tha Mash With Martin + stahlregen - AdamFX - In Tha Mash Effectz .milk,high,0.012431934126652777,0.006167241604998708,0.002197854220867157,0.0019790902733802795,0.002810470759868622,0.0011149495840072632
AdamFX Enterz Tha Mash With Martin + stahlregen - AdamFX - In Tha Mash Effectz A.milk,standard,0.00024497872891515726,0.00024573373229941353,6.6177453845739365e-06,6.669724825769663e-06,4.497123882174492e-05,4.593213088810444e-05
AdamFX Enterz Tha Mash With Martin + stahlregen - AdamFX - In Tha Mash Effectz A.milk,medium,0.0002503962350601796,0.0002509566838853061,6.153422873467207e-06,5.786423571407795e-06,5.413196049630642e-05,5.4366420954465866e-05
AdamFX Enterz Tha Mash With Martin + stahlregen - AdamFX - In Tha Mash Effectz A.milk,high,0.0002629545851959847,0.00026298868488083826,6.096612196415663e-06,7.785798516124487e-06,6.242678500711918e-05,6.802147254347801e-05
AdamFX Enterz Tha Mash With Martin + stahlregen - AdamFX - In Tha Mash Effectz B.milk,standard,0.009028272237628698,0.009035662340465933,0.0001965826377272606,0.00021220091730356216,0.0009656380861997604,0.0009728092700242996
AdamFX Enterz Tha Mash With Martin + stahlregen - AdamFX - In Tha Mash Effectz B.milk,medium,0.009747185045853257,0.00966023385990411,0.0008412143215537071,0.0008274028077721596,0.0019931774586439133,0.0019924230873584747
AdamFX Enterz Tha Mash With Martin + stahlregen - AdamFX - In Tha Mash Effectz B.milk,high,0.012804960366338491,0.012626492767594755,0.0033310195431113243,0.0033738603815436363,0.0052451156079769135,0.005213703960180283
AdamFX Enterz Tha Mash With Martin + stahlregen - AdamFX - In Tha Mash Effectz nz splatter bare.milk,standard,0.008775061462074518,0.007468797964975238,0.00033766403794288635,0.0001286584883928299,0.00029521435499191284,0.0001483093947172165
AdamFX Enterz Tha Mash With Martin + stahlregen - AdamFX - In Tha Mash Effectz nz splatter bare.milk,medium,0.009015966556034982,0.007473002769984305,0.00010232068598270416,0.00013138540089130402,9.933486580848694e-05,0.0001479554921388626
AdamFX Enterz Tha Mash With Martin + stahlregen - AdamFX - In Tha Mash Effectz nz splatter bare.milk,high,0.011016589123755693,0.007480313826818019,0.0003513805568218231,0.00013215281069278717,0.00012401118874549866,0.0001469440758228302
AdamFX Enterz Tha Mash With Martin + stahlregen - AdamFX - In Tha Mash Effectz nz splatter.milk,standard,0.00808708742260933,0.008125141786877066,0.00022992119193077087,0.00022568367421627045,8.261017501354218e-05,9.22325998544693e-05
AdamFX Enterz Tha Mash With Martin + stahlregen - AdamFX - In Tha Mash Effectz nz splatter.milk,medium,0.008436159288976341,0.008127768349368125,0.000211324542760849,0.00023023225367069244,0.00010732561349868774,8.691661059856415e-05
AdamFX Enterz Tha Mash With Martin + stahlregen - AdamFX - In Tha Mash Effectz nz splatter.milk,high,0.00846845400519669,0.008132865594234318,0.00024158135056495667,0.00023498199880123138,9.091757237911224e-05,8.106604218482971e-05
AdamFx 2 Aderrasi - Airhandler (Last Breath - Calm)Ilusional Discontent2.milk,standard,0.002320278697879985,0.0019488727339194156,0.0002978779375553131,0.0002391040325164795,0.0003221672959625721,0.00030096806585788727
AdamFx 2 Aderrasi - Airhandler (Last Breath - Calm)Ilusional Discontent2.milk,medium,0.0023810866550775245,0.0020036503701703623,0.00022404035553336143,0.0002394178882241249,0.00038047879934310913,0.0003093890845775604
AdamFx 2 Aderrasi - Airhandler (Last Breath - Calm)Ilusional Discontent2.milk,high,0.002613659031339921,0.0021546544739976525,0.0005341027863323689,0.00025570672005414963,0.0005159061402082443,0.0003258553333580494
Bdrv Aderrasi - Chromatic Voyage bdrv etAL.milk,standard,0.0006103248742874712,0.0005024644378863741,7.470697164535522e-05,9.035319089889526e-05,0.00015159137547016144,0.0001500975340604782
Bdrv Aderrasi - Chromatic Voyage bdrv etAL.milk,medium,0.0006445595463446807,0.000551286979316501,7.393956184387207e-05,9.043514728546143e-05,0.0001185145229101181,0.00013617053627967834
Bdrv Aderrasi - Chromatic Voyage bdrv etAL.milk,high,0.0007446428389812354,0.0006610497330257203,7.145106792449951e-05,9.073317050933838e-05,0.00011135265231132507,0.00011779554188251495
BrainStain-fish on.milk,standard,0.021618914790451527,0.0013554622128140181,0.010465978179126978,2.424023114144802e-05,0.0021814259234815836,0.00018462241860106587
BrainStain-fish on.milk,medium,0.021666313405148685,0.001502206752775237,0.01037062332034111,1.2034783139824867e-05,0.002158797695301473,0.00021582725457847118
BrainStain-fish on.milk,high,0.021779073984362185,0.0018186139423050918,0.010260469280183315,1.3790326192975044e-05,0.0021477668778970838,0.0002329377457499504
Did It Again-  Stahlregen & Aderrasi + EoS + Geiss + Unchained + Zylot - Slowflowers Ft Martin (AdamFXRemix)4.milk,standard,0.0,0.0,0.0,0.0,0.0,0.0
Did It Again-  Stahlregen & Aderrasi + EoS + Geiss + Unchained + Zylot - Slowflowers Ft Martin (AdamFXRemix)4.milk,medium,0.0,0.0,0.0,0.0,0.0,0.0
Did It Again-  Stahlregen & Aderrasi + EoS + Geiss + Unchained + Zylot - Slowflowers Ft Martin (AdamFXRemix)4.milk,high,0.0,0.0,0.0,0.0,0.0,0.0
Did It Again-  Stahlregen & Aderrasi + EoS + Geiss + Unchained + Zylot - Slowflowers Ft Martin (AdamFXRemix)6.milk,standard,0.00024782601497008727,0.00024782601497008727,7.997453212738037e-05,7.997453212738037e-05,9.890056753647514e-05,9.890056753647514e-05
Did It Again-  Stahlregen & Aderrasi + EoS + Geiss + Unchained + Zylot - Slowflowers Ft Martin (AdamFXRemix)6.milk,medium,0.00024782601497008727,0.00024782601497008727,7.997453212738037e-05,7.997453212738037e-05,9.890056753647514e-05,9.890056753647514e-05
Did It Again-  Stahlregen & Aderrasi + EoS + Geiss + Unchained + Zylot - Slowflowers Ft Martin (AdamFXRemix)6.milk,high,0.00024782601497008727,0.00024782601497008727,7.997453212738037e-05,7.997453212738037e-05,9.890056753647514e-05,9.890056753647514e-05
EVET + Esotic & Krash - Rolly Poly.milk,standard,0.010751946596428752,0.010751877794973552,0.000145740807056427,0.0001456327736377716,0.000912228599190712,0.0009121857583522797
EVET + Esotic & Krash - Rolly Poly.milk,medium,0.011243610875681043,0.011234287871047854,0.00034666433930397034,0.00035753101110458374,0.0009270664304494858,0.0009268634021282196
EVET + Esotic & Krash - Rolly Poly.milk,high,0.01233234815299511,0.012312338803894818,0.0006862245500087738,0.000685419887304306,0.0007781572639942169,0.0007692128419876099
EVET - Hypraxis.milk,standard,0.009323078615125269,0.009582892409525812,0.003484334796667099,0.003579162061214447,0.0026183906011283398,0.0026490683667361736
EVET - Hypraxis.milk,medium,0.009620237513445318,0.009726041171234101,0.0033699488267302513,0.003564472310245037,0.0026103295385837555,0.00268809637054801
EVET - Hypraxis.milk,high,0.010537983849644661,0.01024358399445191,0.0033503882586956024,0.003525462932884693,0.0026897266507148743,0.0027791904285550117
EVET - The Id Machine 2.milk,standard,0.037043574964627624,0.03703626757487655,0.0015039630234241486,0.0014846846461296082,0.0012661032378673553,0.0012707486748695374
EVET - The Id Machine 2.milk,medium,0.04015668970532715,0.0396043318323791,0.0016082972288131714,0.0021025724709033966,0.0012697726488113403,0.00118955597281456
EVET - The Id Machine 2.milk,high,0.04796197125688195,0.04613478668034077,0.0026733465492725372,0.0034521184861660004,0.0063050054013729095,0.0034967660903930664
EoS + Redi Jedi - frequency analysis + glowsticks -  glow - o - scope female (Milkdrop beta ver).milk,standard,0.0022232428163988516,0.001706480878056027,0.00039732642471790314,9.175948798656464e-05,0.0002475893124938011,0.00013618823140859604
EoS + Redi Jedi - frequency analysis + glowsticks -  glow - o - scope female (Milkdrop beta ver).milk,medium,0.0023976798402145505,0.0017938494420377538,0.00038968026638031006,8.63298773765564e-05,0.0002834373153746128,0.0001608431339263916
EoS + Redi Jedi - frequency analysis + glowsticks -  glow - o - scope female (Milkdrop beta ver).milk,high,0.002907456786488183,0.0020079687965335324,0.00042050331830978394,8.147023618221283e-05,0.00033326540142297745,0.00019447598606348038
EoS + Redi Jedi - frequency analysis + glowsticks -  glow - o - scope male (Milkdrop beta ver).milk,standard,0.0022003178601153195,0.0016827313156682067,0.00039766356348991394,9.258091449737549e-05,0.0002366495318710804,0.00013740966096520424
EoS + Redi Jedi - frequency analysis + glowsticks -  glow - o - scope male (Milkdrop beta ver).milk,medium,0.0023847268748795614,0.001777309000317473,0.0003922153264284134,8.722953498363495e-05,0.0002696160227060318,0.00016156630590558052
EoS + Redi Jedi - frequency analysis + glowsticks -  glow - o - scope male (Milkdrop beta ver).milk,high,0.0029046639247098938,0.0019982085068477318,0.0004307832568883896,8.277036249637604e-05,0.0003036176785826683,0.0001947721466422081
EoS + Redi Jedi - frequency analysis + glowsticks -  glow - o - scope pat (Milkdrop beta ver).milk,standard,0.0020296126895118505,0.0015033908566692844,0.00037551671266555786,8.337385952472687e-05,0.00019529648125171661,0.00010465877130627632
EoS + Redi Jedi - frequency analysis + glowsticks -  glow - o - scope pat (Milkdrop beta ver).milk,medium,0.0021777547372039407,0.0015618425386492163,0.00036943331360816956,7.888488471508026e-05,0.00022998079657554626,0.00012119859457015991
EoS + Redi Jedi - frequency analysis + glowsticks -  glow - o - scope pat (Milkdrop beta ver).milk,high,0.002641238403157331,0.0017301887928624637,0.0003954600542783737,7.257051765918732e-05,0.00026571331545710564,0.00014099106192588806
EoS + Redi Jedi - frequency analysis + glowsticks - demon's dream (Milkdrop beta ver).milk,standard,0.001614883469301276,0.0012786548686563037,0.00018752412870526314,6.868084892630577e-05,0.0003388745244592428,0.0002864969428628683
EoS + Redi Jedi - frequency analysis + glowsticks - demon's dream (Milkdrop beta ver).milk,medium,0.001787014385627117,0.0013760024921793956,0.00019214674830436707,9.179487824440002e-05,0.0004028896801173687,0.00034543988294899464
EoS + Redi Jedi - frequency analysis + glowsticks - demon's dream (Milkdrop beta ver).milk,high,0.0022369691942003556,0.0015746428834972903,0.0002954872325062752,0.00014444300904870033,0.0005247185472398996,0.0004524898249655962
EoS + Redi Jedi - frequency analysis + glowsticks - long armed raver (Milkdrop beta ver).milk,standard,0.001837030693423003,0.0014408079732675105,0.0002499581314623356,9.752623736858368e-05,0.0004458394832909107,0.0003913724794983864
EoS + Redi Jedi - frequency analysis + glowsticks - long armed raver (Milkdrop beta ver).milk,medium,0.002011497323110234,0.0015872176227276213,0.00026291143149137497,0.00012341514229774475,0.0005203071050345898,0.00046940753236413
EoS + Redi Jedi - frequency analysis + glowsticks - long armed raver (Milkdrop beta ver).milk,high,0.0024658018082845956,0.0019190564125892706,0.0003674854524433613,0.00020062876865267754,0.0006990011315792799,0.0006355440709739923
EoS - sectorLoc B_phat_ugly remix 01 EoS7p nz+ crab lardvae.milk,standard,0.06153322570025921,0.061632787343114614,0.005428873002529144,0.005169060081243515,0.002492360770702362,0.0024214349687099457
EoS - sectorLoc B_phat_ugly remix 01 EoS7p nz+ crab lardvae.milk,medium,0.06227305997163057,0.062325944658368826,0.0047668032348155975,0.0046521686017513275,0.002841843292117119,0.0028095543384552
EoS - sectorLoc B_phat_ugly remix 01 EoS7p nz+ crab lardvae.milk,high,0.06411236617714167,0.06404509814456105,0.004507835954427719,0.004510324448347092,0.003158699721097946,0.0032234247773885727
EoS+Phat - I_v2_Shape_v3.milk,standard,0.003015902722836472,0.0028200098749948665,0.00018332619220018387,0.00016505643725395203,0.0004919897764921188,0.0004862174391746521
EoS+Phat - I_v2_Shape_v3.milk,medium,0.003220524900825694,0.0030024745501577854,0.00022264104336500168,0.00018522050231695175,0.0005306918174028397,0.0005278866738080978
EoS+Phat - I_v2_Shape_v3.milk,high,0.003654547268524766,0.0033625296782702208,0.0002943044528365135,0.00025180354714393616,0.0005209557712078094,0.0005399063229560852
EoS_Phat_PeterP_Sentinel_Aware_6 EoS edit C.milk,standard,0.08076356683159247,0.007887629850301892,0.07698119850829244,0.0023576971143484116,0.008747223764657974,0.003271014429628849
EoS_Phat_PeterP_Sentinel_Aware_6 EoS edit C.milk,medium,0.08076356683159247,0.007887629850301892,0.07698119850829244,0.0023576971143484116,0.008747223764657974,0.003271014429628849
EoS_Phat_PeterP_Sentinel_Aware_6 EoS edit C.milk,high,0.08076356683159247,0.007887629850301892,0.07698119850829244,0.0023576971143484116,0.008747223764657974,0.003271014429628849
EoS_Phat_PeterP_Sentinel_Aware_6 EoS edit C_b.milk,standard,0.009197689883876592,0.009192107536364347,0.002308095805346966,0.0022445288486778736,0.0034426068887114525,0.003392842598259449
EoS_Phat_PeterP_Sentinel_Aware_6 EoS edit C_b.milk,medium,0.009197665960527956,0.009192075172904879,0.002308080205693841,0.002244488801807165,0.003442578949034214,0.003392794169485569
EoS_Phat_PeterP_Sentinel_Aware_6 EoS edit C_b.milk,high,0.009197675972245634,0.009192088851705194,0.0023080199025571346,0.0022444387432187796,0.0034424932673573494,0.0033926954492926598
EoS_Phat_PeterP_Sentinel_Aware_6 EoS edit slice into your beautiful love.milk,standard,0.00022119347431726055,0.00019442683969828067,2.4352804757654667e-05,2.1121202735230327e-05,0.00030705000972375274,0.00029406260000541806
EoS_Phat_PeterP_Sentinel_Aware_6 EoS edit slice into your beautiful love.milk,medium,0.00022119347431726055,0.00019442683969828067,2.4352804757654667e-05,2.1121202735230327e-05,0.00030705000972375274,0.00029406260000541806
EoS_Phat_PeterP_Sentinel_Aware_6 EoS edit slice into your beautiful love.milk,high,0.00022119347431726055,0.00019442683969828067,2.4352804757654667e-05,2.1121202735230327e-05,0.00030705000972375274,0.00029406260000541806
Fed - quadratrail.milk,standard,0.0010567313802312128,0.0004914757701044437,2.6958558009937406e-05,2.2901513148099184e-06,0.0005397314671427011,0.0005212422693148255
Fed - quadratrail.milk,medium,0.0010586110365693457,0.0004948870773660019,2.7015834348276258e-05,2.3475149646401405e-06,0.000549886142835021,0.0005356979090720415
Fed - quadratrail.milk,high,0.0010617130101309158,0.0005023675694246776,2.64396658167243e-05,1.7906131688505411e-06,0.0005383972311392426,0.0005491884658113122
Flexi + orb + geiss - the computer is your friend trust the computer.milk,standard,0.28119431622326374,0.2798667252063751,0.10843878239393234,0.10813088342547417,0.023154746741056442,0.023228377103805542
Flexi + orb + geiss - the computer is your friend trust the computer.milk,medium,0.28336992859840393,0.27973013184964657,0.11533406004309654,0.10807498171925545,0.024493783712387085,0.023476727306842804
Flexi + orb + geiss - the computer is your friend trust the computer.milk,high,0.28911368176341057,0.2799461241811514,0.12037619017064571,0.10733702033758163,0.026202384382486343,0.023589160293340683
Flexi - emergencey 2 --- Isosceles edit2a erase edges.milk,standard,0.0,0.0,0.0,0.0,0.0,0.0
Flexi - emergencey 2 --- Isosceles edit2a erase edges.milk,medium,0.0,0.0,0.0,0.0,0.0,0.0
Flexi - emergencey 2 --- Isosceles edit2a erase edges.milk,high,0.0,0.0,0.0,0.0,0.0,0.0
Flexi - emergencey 2 --- Isosceles edit6c warp invert.milk,standard,0.0,0.0,0.0,0.0,0.0,0.0
Flexi - emergencey 2 --- Isosceles edit6c warp invert.milk,medium,0.0,0.0,0.0,0.0,0.0,0.0
Flexi - emergencey 2 --- Isosceles edit6c warp invert.milk,high,0.0,0.0,0.0,0.0,0.0,0.0
Flexi - emergencey 2 --- Isosceles edit6d warp invert.milk,standard,0.0,0.0,0.0,0.0,0.0,0.0
Flexi - emergencey 2 --- Isosceles edit6d warp invert.milk,medium,0.0,0.0,0.0,0.0,0.0,0.0
Flexi - emergencey 2 --- Isosceles edit6d warp invert.milk,high,0.0,0.0,0.0,0.0,0.0,0.0
"Fumbling_Foo & Flexi, Martin, Orb - Acid Mandala v1c.milk",standard,0.017811399535275996,0.007428916142089292,0.0025981785729527473,0.0018373075872659683,0.002068467438220978,0.0019394513219594955
"Fumbling_Foo & Flexi, Martin, Orb - Acid Mandala v1c.milk",medium,0.018968704040162265,0.007594130729557946,0.0032069338485598564,0.0016172407194972038,0.0021003149449825287,0.001604435034096241
"Fumbling_Foo & Flexi, Martin, Orb - Acid Mandala v1c.milk",high,0.019941790960729122,0.008383990469155833,0.002364298328757286,0.0010926853865385056,0.0019947970286011696,0.0012417742982506752
Geiss - Color Pox (Van Gogh Mix) (color saturation remix).milk,standard,0.1386768976226449,0.009398371214047074,0.016866933554410934,0.00022887811064720154,0.007304521277546883,0.0009302133694291115
Geiss - Color Pox (Van Gogh Mix) (color saturation remix).milk,medium,0.13947725761681795,0.009596940479241312,0.015443207696080208,0.0002594161778688431,0.00947664212435484,0.000980284996330738
Geiss - Color Pox (Van Gogh Mix) (color saturation remix).milk,high,0.13699088897556067,0.01000830705743283,0.01509227603673935,0.00034108757972717285,0.008965089917182922,0.0010371571406722069
Geiss - Motion Blur.milk,standard,2.1642639694618993e-05,2.1642639694618993e-05,4.904686647932976e-07,4.904686647932976e-07,0.00011299725156277418,0.00011299725156277418
Geiss - Motion Blur.milk,medium,2.1642639694618993e-05,2.1642639694618993e-05,4.904686647932976e-07,4.904686647932976e-07,0.00011299725156277418,0.00011299725156277418
Geiss - Motion Blur.milk,high,2.1642639694618993e-05,2.1642639694618993e-05,4.904686647932976e-07,4.904686647932976e-07,0.00011299725156277418,0.00011299725156277418
Geiss - Tadpole Hunter.milk,standard,0.00049903696981346,8.840862392389681e-06,0.0004926537530991482,2.4586352083133534e-06,7.584673585370183e-05,7.584580453112721e-05
Geiss - Tadpole Hunter.milk,medium,0.00049903696981346,8.840862392389681e-06,0.0004926537530991482,2.4586352083133534e-06,7.584673585370183e-05,7.584580453112721e-05
Geiss - Tadpole Hunter.milk,high,0.00049903696981346,8.840862392389681e-06,0.0004926537530991482,2.4586352083133534e-06,7.584673585370183e-05,7.584580453112721e-05
Goody + martin - crystal palace - Schizotoxin - The Wild Iris Bloom - mess2 nz+ souls at zero facing.milk,standard,0.0036544060858432204,0.003207967209164053,0.0005979612469673157,0.00033451803028583527,0.0004852600395679474,0.00038787955418229103
Goody + martin - crystal palace - Schizotoxin - The Wild Iris Bloom - mess2 nz+ souls at zero facing.milk,medium,0.0035845501406583935,0.0033703893423080444,0.0005920380353927612,0.0005387309938669205,0.00042499741539359093,0.0004891376011073589
Goody + martin - crystal palace - Schizotoxin - The Wild Iris Bloom - mess2 nz+ souls at zero facing.milk,high,0.0037004344048909843,0.0034226304851472378,0.000668281689286232,0.0005222726613283157,0.0005174539983272552,0.0004729572683572769
Goody's Datura Bloom.milk,standard,0.0006252193506952608,0.0006252193506952608,8.670240640640259e-05,8.670240640640259e-05,5.2522867918014526e-05,5.2522867918014526e-05
Goody's Datura Bloom.milk,medium,0.0006777764137950726,0.0006761950853615417,7.652491331100464e-05,7.572025060653687e-05,4.575774073600769e-05,4.6059489250183105e-05
Goody's Datura Bloom.milk,high,0.000827217505502631,0.0008245510398410261,4.373490810394287e-05,4.6253204345703125e-05,4.172232002019882e-05,4.1157007217407227e-05
Halfbreak - EFFECTAMT 4PORT (Seizure Techno).milk,standard,0.06489859154680744,0.0967434894409962,0.022323831915855408,0.008623898029327393,0.02311112079769373,0.010177738033235073
Halfbreak - EFFECTAMT 4PORT (Seizure Techno).milk,medium,0.12853948411066085,0.09674347942927852,0.022478045895695686,0.008623892441391945,0.017032980918884277,0.010177724994719028
Halfbreak - EFFECTAMT 4PORT (Seizure Techno).milk,high,0.042968947847839445,0.09674347715917975,0.014151100069284439,0.008623838424682617,0.01532621681690216,0.01017779391258955
Hexcollie - Julian Shader Wars4 nz+ sports fart.milk,standard,0.0018763767152615296,0.0018552395963690183,9.319743057845109e-06,8.145578121898644e-06,3.236312858234669e-05,3.193460378270174e-05
Hexcollie - Julian Shader Wars4 nz+ sports fart.milk,medium,0.001975052517039777,0.0018851373624361178,9.768275370136692e-06,1.3073713810429766e-05,3.475587357115728e-05,3.104990821611864e-05
Hexcollie - Julian Shader Wars4 nz+ sports fart.milk,high,0.0022166450816744065,0.0019361969152246195,4.0051480348468615e-05,1.757223467646618e-05,3.810537521076185e-05,3.671421211492998e-05
Hexcollie - Ultra daze.milk,standard,0.00012535069798946807,0.00012535069798946807,6.43894454697147e-05,6.43894454697147e-05,3.119766006420832e-05,3.119766006420832e-05
Hexcollie - Ultra daze.milk,medium,0.0001351872990054126,0.0001351099733111205,6.042082532076165e-05,6.046856287866831e-05,2.7949122795689618e-05,2.801709479172132e-05
Hexcollie - Ultra daze.milk,high,0.0001559793043144353,0.00014820714513508193,4.370856913737953e-05,4.412251291796565e-05,2.0012618733744603e-05,1.8630516933626495e-05
Idiot24-7-mindbender7(superbendmix1).milk,standard,0.010410711052827537,0.010410711052827537,0.0004974901676177979,0.0004974901676177979,0.0027462425641715527,0.0027462425641715527
Idiot24-7-mindbender7(superbendmix1).milk,medium,0.010612069047056139,0.01059158449061215,0.0004798565059900284,0.0005078203976154327,0.0028591579757630825,0.002925509586930275
Idiot24-7-mindbender7(superbendmix1).milk,high,0.010936172911897302,0.010891299578361213,0.0004918426275253296,0.0005528070032596588,0.0029476885683834553,0.003086615353822708
Jc - Geometry 101.milk,standard,0.0049253466495429166,0.004465864825760946,0.0014522479614242911,0.0015198238543234766,0.0049320446560159326,0.005098600406199694
Jc - Geometry 101.milk,medium,0.004896081401966512,0.004433957488799933,0.001404826616635546,0.0014710300602018833,0.004756255424581468,0.004920707899145782
Jc - Geometry 101.milk,high,0.004881503657088615,0.004418540687765926,0.0013767143245786428,0.0014430766750592738,0.004671060247346759,0.004835051251575351
Liquid Glowsticks - ATwisted Pre Set Mix By AdamFX 2 martin - disco mix Ft Hexocollie 27.milk,standard,0.0005802787485436056,0.0005498247877540052,2.2843247279524803e-05,2.3240165319293737e-05,8.924245776142925e-05,8.580023131798953e-05
Liquid Glowsticks - ATwisted Pre Set Mix By AdamFX 2 martin - disco mix Ft Hexocollie 27.milk,medium,0.0005894243278135036,0.0005499463735532117,3.9388134609907866e-05,2.315931487828493e-05,6.813379877712578e-05,8.585704199504107e-05
Liquid Glowsticks - ATwisted Pre Set Mix By AdamFX 2 martin - disco mix Ft Hexocollie 27.milk,high,0.0005986539669038393,0.0005503251364871176,4.9372727517038584e-05,2.3162516299635172e-05,6.0613660025410354e-05,8.590250217821449e-05
LuxXx - A Sober Life (wasted).milk,standard,0.0006501387870230246,0.0006489085608336609,1.7942104022949934e-05,1.967715797945857e-05,0.0001507790293544531,0.00014516781084239483
LuxXx - A Sober Life (wasted).milk,medium,0.000717476204954437,0.000716132284651394,3.0199415050446987e-05,3.1978473998606205e-05,0.00017766794189810753,0.00017192354425787926
LuxXx - A Sober Life (wasted).milk,high,0.0008221438492910238,0.0008204546466004103,3.6547251511365175e-05,3.8569443859159946e-05,0.00024289917200803757,0.00024727173149585724
LuxXx - All That I Am.milk,standard,0.00842478038975969,0.008418332494329661,9.083747863769531e-05,9.243190288543701e-05,0.0004204828292131424,0.000421253964304924
LuxXx - All That I Am.milk,medium,0.009706747950986028,0.009134962339885533,0.0015956982970237732,0.0006729885935783386,0.0006802398711442947,0.0003485213965177536
LuxXx - All That I Am.milk,high,0.012837305897846818,0.010665360314305872,0.005124330520629883,0.002183854579925537,0.0012216176837682724,0.00027598626911640167
LuxXx - Beat Machina III.milk,standard,0.015378945972770452,0.015378823853097856,0.0002719936892390251,0.00027210451662540436,0.0010717641562223434,0.0010716114193201065
LuxXx - Beat Machina III.milk,medium,0.015708009130321443,0.015649369335733354,0.0003865724429488182,0.0003940584138035774,0.001110035926103592,0.001082954928278923
LuxXx - Beat Machina III.milk,high,0.016454146709293127,0.01625641353894025,0.0004393169656395912,0.0006593549624085426,0.0009441040456295013,0.00106903538107872
LuxXx - Brain Grind i.milk,standard,0.033378285355865955,0.010998290963470936,0.001061806920915842,0.001111750490963459,0.0012012515217065811,0.00038578175008296967
LuxXx - Brain Grind i.milk,medium,0.0341096562333405,0.011387511622160673,0.0015286928974092007,0.0014210483059287071,0.0013004643842577934,0.0004641404375433922
LuxXx - Brain Grind i.milk,high,0.035783758386969566,0.012837806949391961,0.0029682940803468227,0.002797624096274376,0.0019088564440608025,0.0007370533421635628
LuxXx - Burnwheel I.milk,standard,0.015455914079211652,0.014439632999710739,0.0017769057303667068,4.674866795539856e-05,0.0012969225645065308,0.001583542674779892
LuxXx - Burnwheel I.milk,medium,0.015563280670903623,0.014440998551435769,0.0017795059829950333,4.573352634906769e-05,0.0013586543500423431,0.0015861131250858307
LuxXx - Burnwheel I.milk,high,0.015674149966798723,0.014449424343183637,0.0011274311691522598,4.548579454421997e-05,0.001456964761018753,0.0015831738710403442
LuxXx - Fuck ur Fractal Muscles II.milk,standard,0.0003535347022989299,0.00032864458989934064,4.1029416024684906e-05,4.568183794617653e-05,3.48016619682312e-05,3.883428871631622e-05
LuxXx - Fuck ur Fractal Muscles II.milk,medium,0.00036629035093938,0.0003402221773285419,5.420111119747162e-05,4.450790584087372e-05,5.755573511123657e-05,3.601517528295517e-05
LuxXx - Fuck ur Fractal Muscles II.milk,high,0.0005328649931470864,0.0003581959754228592,0.00014183251187205315,4.8211775720119476e-05,0.00023918971419334412,3.329385071992874e-05
LuxXx - HipHop UrethraFish I.milk,standard,0.022757349768653512,0.0032423039665445685,0.0018736952915787697,8.63808672875166e-05,0.004108102060854435,0.0002605835907161236
LuxXx - HipHop UrethraFish I.milk,medium,0.025962240295484662,0.0033882128773257136,0.0024757548235356808,0.00015816767700016499,0.005667202174663544,0.00029726047068834305
LuxXx - HipHop UrethraFish I.milk,high,0.027057809056714177,0.0037696750077884644,0.0026608556509017944,0.0004981495440006256,0.006400660146027803,0.00046591926366090775
LuxXx - The BeatSlime.milk,standard,0.02198059658985585,0.006257288332562894,0.0006903074681758881,0.00014574779197573662,0.0012964969500899315,0.0005610468797385693
LuxXx - The BeatSlime.milk,medium,0.029180364683270454,0.006267115357331932,0.000665170606225729,0.00015296787023544312,0.0019724247977137566,0.0005418048240244389
LuxXx - The BeatSlime.milk,high,0.03124104463495314,0.006314227997791022,0.0009600208140909672,0.00017383834347128868,0.0015068943612277508,0.0005913865752518177
LuxXx - Up Too Long Lightsticks 1-3.milk,standard,7.258075257254859e-06,3.305059237845853e-06,1.1429190635681152e-05,6.034970283508301e-07,0.00010174975705012912,1.1991887731710449e-05
LuxXx - Up Too Long Lightsticks 1-3.milk,medium,7.581950178803254e-06,3.3690859027046827e-06,1.1377036571502686e-05,7.37607479095459e-07,0.00010268856067341403,1.2726416116493056e-05
LuxXx - Up Too Long Lightsticks 1-3.milk,high,7.232506320065113e-06,3.838890783924853e-06,9.79006290435791e-06,1.0132789611816406e-06,9.849444404608221e-05,1.464161596231861e-05
LuxXx - electric cell park a.milk,standard,0.017073782859370112,0.006549801037181169,0.0009433473460376263,0.0003281356766819954,0.0012470800429582596,0.00028295256197452545
LuxXx - electric cell park a.milk,medium,0.022039315779693425,0.006560306414030492,0.0008662608452141285,0.0002518589608371258,0.0009518424049019814,0.0002154400572180748
LuxXx - electric cell park a.milk,high,0.02334393374621868,0.006661417777650058,0.0006181332282721996,0.00019021891057491302,0.0007219705730676651,0.0002487562596797943
LuxXx - electric cell park b nz+.milk,standard,0.1602472197264433,0.02235750702675432,0.004437227733433247,0.00015360116958618164,0.0033520497381687164,0.0027800388634204865
LuxXx - electric cell park b nz+.milk,medium,0.16116394102573395,0.022564284154213965,0.0038718096911907196,0.00018195807933807373,0.004559017717838287,0.0032616127282381058
LuxXx - electric cell park b nz+.milk,high,0.1624914463609457,0.023008322226814926,0.003324771299958229,0.000254717655479908,0.004413033835589886,0.0036770254373550415
LuxXx - electric cell park b.milk,standard,0.05036815628409386,0.01894734939560294,0.001486663706600666,9.615160524845123e-05,0.0035273972898721695,0.0026482008397579193
LuxXx - electric cell park b.milk,medium,0.05996022513136268,0.01910850207787007,0.0018262015655636787,9.978096932172775e-05,0.0037502311170101166,0.003055676817893982
LuxXx - electric cell park b.milk,high,0.0652672303840518,0.019438746734522283,0.0016686003655195236,0.00010295677930116653,0.0034323129802942276,0.003329448401927948
Martin - Pixies Party (Hakan mash-up) 7.milk,standard,0.0052271304884925485,0.005217738274950534,1.1086929589509964e-05,1.2043863534927368e-05,0.00027415482327342033,0.0002738037146627903
Martin - Pixies Party (Hakan mash-up) 7.milk,medium,0.005617537477519363,0.005603012745268643,3.5441480576992035e-05,1.394655555486679e-05,0.000287612434476614,0.00031611649319529533
Martin - Pixies Party (Hakan mash-up) 7.milk,high,0.006260063906665891,0.0062401051400229335,6.917491555213928e-05,2.271495759487152e-06,0.0002826675772666931,0.00038143713027238846
Martin - Pixies Party (Hakan mash-up) 9-1.milk,standard,0.0020221976737957448,0.0012431085342541337,0.00020102295093238354,0.00011326954700052738,0.00010663503780961037,0.00012553110718727112
Martin - Pixies Party (Hakan mash-up) 9-1.milk,medium,0.0023532581981271505,0.0012946380520588718,0.00022809067741036415,0.00010757520794868469,0.00011542905122041702,0.00013356143608689308
Martin - Pixies Party (Hakan mash-up) 9-1.milk,high,0.0027469419001135975,0.0013978135175420903,0.00015885056927800179,0.00011100317351520061,0.0001325812190771103,0.00014187442138791084
Mig_Oscilloscope005.milk,standard,0.0017820088396547362,0.0005596023202087963,0.00015026680193841457,5.017290823161602e-05,0.0006352383643388748,0.00027529336512088776
Mig_Oscilloscope005.milk,medium,0.0017897017823997885,0.0005687649891115143,9.246589615941048e-05,4.4571468606591225e-05,0.00044652074575424194,0.00023216381669044495
Mig_Oscilloscope005.milk,high,0.001784415086149238,0.0006305288079602178,5.912641063332558e-05,3.821263089776039e-05,0.0002271607518196106,0.00011046696454286575
Mig_Oscilloscope022 b.milk,standard,0.00020312925425969297,0.00011286344511063362,9.961286559700966e-05,3.4705735743045807e-06,0.0009877393022179604,0.0001158274244517088
Mig_Oscilloscope022 b.milk,medium,0.000223500729589432,0.0001310945892782911,9.892880916595459e-05,5.504116415977478e-06,0.0010309058707207441,0.0001280386932194233
Mig_Oscilloscope022 b.milk,high,0.000398134819988627,0.00030721211078343913,5.95850870013237e-05,8.764537051320076e-05,0.0010842434130609035,0.0001384809147566557
Milk Artist At our Best - FED - SlowFast Ft AdamFX n Martin - HD CosmoFX Also Ft Mstress n Armandio  - Thought About YouFX.milk,standard,0.03269427118357271,0.004168586849118583,0.005705244839191437,0.000805828720331192,0.0042168088257312775,0.0003602784126996994
Milk Artist At our Best - FED - SlowFast Ft AdamFX n Martin - HD CosmoFX Also Ft Mstress n Armandio  - Thought About YouFX.milk,medium,0.03026765919639729,0.00432524606003426,0.007294423878192902,0.0008811391890048981,0.003230547532439232,0.0004429984837770462
Milk Artist At our Best - FED - SlowFast Ft AdamFX n Martin - HD CosmoFX Also Ft Mstress n Armandio  - Thought About YouFX.milk,high,0.03366943428409286,0.006059246981749311,0.012610068544745445,0.0016301777213811874,0.004488103091716766,0.001204032450914383
ORB - Toy Snakes Starry Night.milk,standard,0.008496946335071698,0.008298161119455472,0.00026591215282678604,0.00028567947447299957,0.0009856931865215302,0.0009114164859056473
ORB - Toy Snakes Starry Night.milk,medium,0.008828012010781094,0.008558350848034024,0.00014916714280843735,0.0003739595413208008,0.001041863113641739,0.0010618995875120163
ORB - Toy Snakes Starry Night.milk,high,0.009553150011925027,0.009112876781728119,0.0002801874652504921,0.0004986179992556572,0.0008172448724508286,0.0011334624141454697
Phat+EoS_Mandala_Chasers_remix_Targeting_mix shf what too much activity.milk,standard,0.021148819010704756,0.021519174159038812,0.0024050173815339804,0.0026390021666884422,0.006497559137642384,0.006367601454257965
Phat+EoS_Mandala_Chasers_remix_Targeting_mix shf what too much activity.milk,medium,0.021620693616569042,0.021378763078246266,0.0024038965348154306,0.0026072575710713863,0.00630524568259716,0.0060125188902020454
Phat+EoS_Mandala_Chasers_remix_Targeting_mix shf what too much activity.milk,high,0.02222481818171218,0.021294685604516417,0.002210809849202633,0.002579305088147521,0.006557212211191654,0.005702839232981205
Phat+fiShbRaiN_Looker --- Isosceles Edit.milk,standard,0.004491322149988264,0.004445706232218072,7.94408842921257e-05,6.430677603930235e-05,0.0005819972138851881,0.000571136362850666
Phat+fiShbRaiN_Looker --- Isosceles Edit.milk,medium,0.004907771202852018,0.004667244909796864,0.0005242599872872233,5.887518636882305e-05,0.0006785488221794367,0.0006700768135488033
Phat+fiShbRaiN_Looker --- Isosceles Edit.milk,high,0.005943721684161574,0.005280593613861129,0.001318058930337429,3.8368976674973965e-05,0.0009247956331819296,0.000821791822090745
PieturP - sunflare.milk,standard,0.0,0.0,0.0,0.0,0.0,0.0
PieturP - sunflare.milk,medium,0.0,0.0,0.0,0.0,0.0,0.0
PieturP - sunflare.milk,high,0.0,0.0,0.0,0.0,0.0,0.0
Rarian Rakista - On the Water.milk,standard,0.0053862536733504385,0.005316697817761451,0.00030750781297683716,0.00020625069737434387,0.00045478413812816143,0.0004071919247508049
Rarian Rakista - On the Water.milk,medium,0.00559437953052111,0.005373369640437886,0.00035843998193740845,0.00022507086396217346,0.00046109326649457216,0.0004312073579058051
Rarian Rakista - On the Water.milk,high,0.007462075387593359,0.005560430348850787,0.0007765442132949829,0.0002804882824420929,0.0005109682679176331,0.0004926832625642419
Rovastar - Hyperspace (Hyper Speed Mix) (Jelly).milk,standard,0.02948202972766012,0.004929571732645854,0.0007412335835397243,0.0005112648941576481,0.0024649840779602528,0.0017768647521734238
Rovastar - Hyperspace (Hyper Speed Mix) (Jelly).milk,medium,0.029543582699261606,0.005064963625045493,0.0008667614310979843,0.0005902317352592945,0.0026713144034147263,0.0018597841262817383
Rovastar - Hyperspace (Hyper Speed Mix) (Jelly).milk,high,0.029594872379675508,0.005384172312915325,0.0011456129141151905,0.0008583460003137589,0.002938931342214346,0.0020088665187358856
Rozzor & Esotic - PPL (NWI) Mandala Chill Color Reactive Texture Tweaked.milk,standard,0.009501213789917529,0.006904549343744293,0.0003406163305044174,0.0003963680937886238,0.001327806618064642,0.001238800585269928
Rozzor & Esotic - PPL (NWI) Mandala Chill Color Reactive Texture Tweaked.milk,medium,0.00974258710630238,0.007166065915953368,0.0003682277165353298,0.0003248020075261593,0.0012943653855472803,0.0012440630234777927
Rozzor & Esotic - PPL (NWI) Mandala Chill Color Reactive Texture Tweaked.milk,high,0.01045773149235174,0.007873958442360163,0.0005840212106704712,0.00016764411702752113,0.0012304517440497875,0.0012180006597191095
Rozzor & Neuro - Starover (Semicolon Mix).milk,standard,0.0020454643163247965,0.0020449008225114085,0.00027666985988616943,0.0002757664769887924,0.0024209527764469385,0.0024191844277083874
Rozzor & Neuro - Starover (Semicolon Mix).milk,medium,0.002509531957912259,0.0025089667906286195,0.00036531127989292145,0.00036459602415561676,0.0025166834238916636,0.002516742330044508
Rozzor & Neuro - Starover (Semicolon Mix).milk,high,0.003187756970874034,0.0031870140228420496,0.0005221031606197357,0.0005211513489484787,0.002857702551409602,0.002857944928109646
Rozzor vs Esotic - Pixie Party Light (With Liquid Refreshment).milk,standard,0.00552322855219245,0.0052583274082280695,0.00023903697729110718,0.00028014183044433594,0.00010899268090724945,0.00011507701128721237
Rozzor vs Esotic - Pixie Party Light (With Liquid Refreshment).milk,medium,0.005760438594734296,0.005468531133374199,0.000307328999042511,0.0003638267517089844,0.00015395600348711014,0.00013746321201324463
Rozzor vs Esotic - Pixie Party Light (With Liquid Refreshment).milk,high,0.006429672590456903,0.00609600919415243,0.0004271566867828369,0.0005305036902427673,0.00026513636112213135,0.0002601882442831993
Serge + martin - crystal palace003.milk,standard,0.00550981709966436,0.00550981709966436,2.7641654014587402e-05,2.7641654014587402e-05,0.0007401201874017715,0.0007401201874017715
Serge + martin - crystal palace003.milk,medium,0.006004717433825135,0.005729580530896783,7.028132677078247e-05,0.0001638326793909073,0.0007749609649181366,0.0007458701729774475
Serge + martin - crystal palace003.milk,high,0.008227167185395956,0.0076790397288277745,0.0013854801654815674,0.0011011231690645218,0.0004953108727931976,0.0004361812025308609
Stahlregen & Geiss + TobiasWolfBoi - Jelly Space Desert Rose.milk,standard,0.009064628044143319,0.009034108137711883,0.00018739141523838043,0.0001782551407814026,0.0005801254883408546,0.0005739228799939156
Stahlregen & Geiss + TobiasWolfBoi - Jelly Space Desert Rose.milk,medium,0.009100961382500827,0.009064333396963775,0.00017115101218223572,0.00019653886556625366,0.000573241151869297,0.0005902107805013657
Stahlregen & Geiss + TobiasWolfBoi - Jelly Space Desert Rose.milk,high,0.009201011853292584,0.00913475314155221,0.00014947913587093353,0.0002354346215724945,0.0005527501925826073,0.0006117727607488632
Stahlregen & flexi + Geiss + martin + Rovastar - Tides (martin's metallics).milk,standard,0.01917604322079569,0.01917604322079569,0.0016949456185102463,0.0016949456185102463,0.0006449911743402481,0.0006449911743402481
Stahlregen & flexi + Geiss + martin + Rovastar - Tides (martin's metallics).milk,medium,0.019779446069151163,0.019779446069151163,0.00207393616437912,0.00207393616437912,0.00030970945954322815,0.00030970945954322815
Stahlregen & flexi + Geiss + martin + Rovastar - Tides (martin's metallics).milk,high,0.02148586674593389,0.02148586674593389,0.0024439580738544464,0.0024439580738544464,0.0009763333946466446,0.0009763333946466446
Stahlregen - Do the Wave (V2 minimal - PS2 blur nondynamic).milk,standard,0.0042061190761160105,0.003338603855809197,0.0016825143247842789,0.0001775212585926056,0.0014331527054309845,0.00032850727438926697
Stahlregen - Do the Wave (V2 minimal - PS2 blur nondynamic).milk,medium,0.004433872236404568,0.003705441253259778,0.0012354180216789246,0.00017281807959079742,0.0012065935879945755,0.0003390815109014511
Stahlregen - Do the Wave (V2 minimal - PS2 blur nondynamic).milk,high,0.005072098632808775,0.004489190614549443,0.00027337856590747833,0.0001414865255355835,0.0006141774356365204,0.00032947957515716553
Stahlregen - funky Blur (lotus mix) the genius in me lies right at the heart of the flacc nz+.milk,standard,0.0009202250876114704,0.0009200562853948213,1.3730721548199654e-05,1.3595912605524063e-05,0.0001021125353872776,0.0001010713167488575
Stahlregen - funky Blur (lotus mix) the genius in me lies right at the heart of the flacc nz+.milk,medium,0.0009266339620808139,0.0009248595015378669,1.358427107334137e-05,1.3852491974830627e-05,0.00010059168562293053,0.00010023685172200203
Stahlregen - funky Blur (lotus mix) the genius in me lies right at the heart of the flacc nz+.milk,high,0.0009373945867992006,0.0009333906418760307,1.3543292880058289e-05,1.4352845028042793e-05,9.05054621398449e-05,9.752484038472176e-05
Stahlregen - funky Blur (lotus mix) the genius in me lies right at the heart of the flacc.milk,standard,0.001019542534777429,0.0010193550479016267,1.7073005437850952e-05,1.703854650259018e-05,8.715968579053879e-05,8.718576282262802e-05
Stahlregen - funky Blur (lotus mix) the genius in me lies right at the heart of the flacc.milk,medium,0.0010275814129272476,0.0010249105835100636,1.6604550182819366e-05,1.717638224363327e-05,8.468609303236008e-05,8.630659431219101e-05
Stahlregen - funky Blur (lotus mix) the genius in me lies right at the heart of the flacc.milk,high,0.001040025832480751,0.0010344493202865124,1.5772879123687744e-05,1.7316080629825592e-05,7.597915828227997e-05,8.395593613386154e-05
Starz in MilkHDFX - Stahlregen & Aderrasi + EoS + Geiss + Unchained + Zylot + Flexi + Martin + AdamFX A.milk,standard,0.003190541348885745,0.0017210559926752467,0.0018356688087806106,0.00017830170691013336,0.0023927544243633747,0.00109580485150218
Starz in MilkHDFX - Stahlregen & Aderrasi + EoS + Geiss + Unchained + Zylot + Flexi + Martin + AdamFX A.milk,medium,0.0034050957547151484,0.001823808859626297,0.001897547859698534,0.00018759071826934814,0.0024750595912337303,0.0011265589855611324
Starz in MilkHDFX - Stahlregen & Aderrasi + EoS + Geiss + Unchained + Zylot + Flexi + Martin + AdamFX A.milk,high,0.0036302910884842277,0.002022046501224395,0.0019315516110509634,0.00019021413754671812,0.0024360166862607002,0.001118987798690796
Syst3mFailur - satanic ring V2.milk,standard,0.0,0.0,0.0,0.0,0.0,0.0
Syst3mFailur - satanic ring V2.milk,medium,0.0,0.0,0.0,0.0,0.0,0.0
Syst3mFailur - satanic ring V2.milk,high,0.0,0.0,0.0,0.0,0.0,0.0
TonyMilkdrop - I Like Cartoon --- Isosceles edit.milk,standard,0.10187045740894973,0.0015893036688794382,0.04022201895713806,4.6566128730773926e-05,0.014977963641285896,0.00011735036969184875
TonyMilkdrop - I Like Cartoon --- Isosceles edit.milk,medium,0.09370538941584527,0.0016012624982977286,0.04209677129983902,4.6387314796447754e-05,0.012987421825528145,0.00012257881462574005
TonyMilkdrop - I Like Cartoon --- Isosceles edit.milk,high,0.1419791509397328,0.0016254165821010247,0.07665961980819702,4.9777328968048096e-05,0.017006943002343178,0.0001266077160835266
TonyMilkdrop - This Is A Painting [Flexi - let go + $this shall not retain] --- Isosceles edit.milk,standard,0.00012515448906924576,0.00012515448906924576,8.404254913330078e-06,8.404254913330078e-06,0.00013902317732572556,0.00013902317732572556
TonyMilkdrop - This Is A Painting [Flexi - let go + $this shall not retain] --- Isosceles edit.milk,medium,0.00012515448906924576,0.00012515448906924576,8.404254913330078e-06,8.404254913330078e-06,0.00013902317732572556,0.00013902317732572556
TonyMilkdrop - This Is A Painting [Flexi - let go + $this shall not retain] --- Isosceles edit.milk,high,0.00012515448906924576,0.00012515448906924576,8.404254913330078e-06,8.404254913330078e-06,0.00013902317732572556,0.00013902317732572556
Unchained-liquardoblitz [shifter's esc shader].milk,standard,0.031799342250451446,0.01913755282294005,0.0021632984280586243,0.0021836981177330017,0.0015812478959560394,0.0011513754725456238
Unchained-liquardoblitz [shifter's esc shader].milk,medium,0.05291367322206497,0.0211854757508263,0.004353716969490051,0.002514965832233429,0.002087734639644623,0.0008160173892974854
Unchained-liquardoblitz [shifter's esc shader].milk,high,0.0988039206713438,0.028623540187254548,0.01743370294570923,0.0039703696966171265,0.003924254328012466,0.0027001239359378815
Waltra - Heaven Liquid.milk,standard,0.0021888992632739246,0.002020898798946291,0.0003575645387172699,0.00022459961473941803,0.0002729073166847229,0.00019330717623233795
Waltra - Heaven Liquid.milk,medium,0.002338495512958616,0.002080953461700119,0.000138159841299057,0.00030235201120376587,0.00015326030552387238,0.00022476352751255035
Waltra - Heaven Liquid.milk,high,0.0029820867348462343,0.0022441674664150923,0.0009256191551685333,0.0005368515849113464,0.00036254338920116425,0.00035919249057769775
Zylot & Idiot24-7 - Unknown Power Source.milk,standard,0.009730788064189255,0.009730578283779323,0.00037828274071216583,0.0003782492130994797,0.0009047044441103935,0.0009047733619809151
Zylot & Idiot24-7 - Unknown Power Source.milk,medium,0.012027251883409917,0.011308090761303902,0.002118069678544998,0.00037460774183273315,0.0003258371725678444,0.001221437007188797
Zylot & Idiot24-7 - Unknown Power Source.milk,high,0.01765749789774418,0.014597234316170216,0.005460631102323532,0.0003700554370880127,0.00197504460811615,0.001691112294793129
Zylot & Shifter - Tartan (Silent Heaven Mix).milk,standard,0.0013233657882665284,0.001312375687120948,7.31729669496417e-05,7.183011621236801e-05,0.00015089916996657848,0.00014925329014658928
Zylot & Shifter - Tartan (Silent Heaven Mix).milk,medium,0.0014164063322823495,0.0013836195503245108,3.1675444915890694e-05,3.7315068766474724e-05,0.000305988360196352,0.00030024582520127296
Zylot & Shifter - Tartan (Silent Heaven Mix).milk,high,0.0016014292050385848,0.001526182415545918,5.144148599356413e-05,3.302854020148516e-05,0.0005226833745837212,0.0005170325748622417
afunction knegatson windpissinglistening.milk,standard,0.0037184253887971863,0.0037018478324171156,0.00026534777134656906,0.00026603415608406067,0.0007409518584609032,0.0007409919053316116
afunction knegatson windpissinglistening.milk,medium,0.0038251988007687032,0.0037827792984899133,0.00031453557312488556,0.0003288872539997101,0.0007164468988776207,0.0007737698033452034
afunction knegatson windpissinglistening.milk,high,0.004231901926686987,0.004080485174199566,0.0005563879385590553,0.0005686832591891289,0.0007866751402616501,0.0008999137207865715
akish - placard - do what you say - i can't stand you.milk,standard,0.24236864782869816,0.06044073589146137,0.0032723117619752884,8.272379636764526e-05,0.004240550100803375,0.000996556133031845
akish - placard - do what you say - i can't stand you.milk,medium,0.24185436964035034,0.06053348630666733,0.003912545740604401,0.00015609897673130035,0.003940185531973839,0.0009311363101005554
akish - placard - do what you say - i can't stand you.milk,high,0.24149185977876186,0.061154166236519814,0.004226056858897209,0.0006946735084056854,0.003265809267759323,0.0007824860513210297
akish - placard - how could i ever understand you.milk,standard,0.24434709921479225,0.06262740073725581,0.003101291134953499,9.019672870635986e-05,0.002436179667711258,0.0007960479706525803
akish - placard - how could i ever understand you.milk,medium,0.24528242275118828,0.0627419762313366,0.0023906026035547256,0.00017425976693630219,0.0036739706993103027,0.0007216576486825943
akish - placard - how could i ever understand you.milk,high,0.24359969794750214,0.06333437841385603,0.0034328121691942215,0.0005872081965208054,0.0019205864518880844,0.000554695725440979
akish - placard - you were always so far away.milk,standard,0.17816497385501862,0.05999991437420249,0.0019531678408384323,0.0003596227616071701,0.0017527267336845398,0.0005622133612632751
akish - placard - you were always so far away.milk,medium,0.17828433215618134,0.06023668171837926,0.0017695855349302292,0.0005270261317491531,0.0005826037377119064,0.0005049556493759155
akish - placard - you were always so far away.milk,high,0.18068579491227865,0.06140373134985566,0.0024885572493076324,0.0009583663195371628,0.0012325756251811981,0.0004996210336685181
akish - placard - you were always so hard to find.milk,standard,0.01611427537864074,0.013719152484554797,0.00016759801656007767,0.00012627523392438889,0.00030576251447200775,0.00035939551889896393
akish - placard - you were always so hard to find.milk,medium,0.018622328410856426,0.013755679712630808,0.00015890132635831833,0.00014952756464481354,0.0004250146448612213,0.0003578551113605499
akish - placard - you were always so hard to find.milk,high,0.02004213852342218,0.01399847015272826,0.00023551750928163528,0.0002590157091617584,0.0004972759634256363,0.00040502287447452545
all death angel watch Erd 3y3 mBetraeqx.milk,standard,0.0074103279039263725,0.007224689936265349,0.00010912865400314331,8.060038089752197e-05,0.00039498787373304367,0.00037764478474855423
all death angel watch Erd 3y3 mBetraeqx.milk,medium,0.00775195169262588,0.007384688477031887,0.0002111867070198059,0.0001720637083053589,0.0004068119451403618,0.000417281873524189
all death angel watch Erd 3y3 mBetraeqx.milk,high,0.00860605831257999,0.007735005463473499,0.0006249770522117615,0.000395849347114563,0.000286678783595562,0.0004506111145019531
amandio c - codex 4 - cabasal dandelioness nz+wp2.milk,standard,0.018741994397714734,0.01749953650869429,0.0020789457485079765,0.0014578141272068024,0.001738155260682106,0.0019102804362773895
amandio c - codex 4 - cabasal dandelioness nz+wp2.milk,medium,0.019033682416193187,0.01764923764858395,0.002192160114645958,0.0015520956367254257,0.0018513388931751251,0.0020417366176843643
amandio c - codex 4 - cabasal dandelioness nz+wp2.milk,high,0.01929335785098374,0.017934422474354506,0.002514174208045006,0.0016470151022076607,0.0019520893692970276,0.0020822007209062576
amandio c - codex 4 - cabasal dandelioness nz+wp3.milk,standard,0.006671358656603843,0.0066043787519447505,0.0007418021559715271,0.0005267560482025146,0.00041913194581866264,0.00031680380925536156
amandio c - codex 4 - cabasal dandelioness nz+wp3.milk,medium,0.006614837620873004,0.006690170906949788,0.0006221532821655273,0.0005220621824264526,0.00041706953197717667,0.0003319252282381058
amandio c - codex 4 - cabasal dandelioness nz+wp3.milk,high,0.0069964834256097674,0.006903975328896195,0.0005421862006187439,0.0005173087120056152,0.0004089842550456524,0.0003483402542769909
amandio c - codex 4 - plot wag nz+ necrophors gadget lard.milk,standard,0.0,0.0,0.0,0.0,0.0,0.0
amandio c - codex 4 - plot wag nz+ necrophors gadget lard.milk,medium,0.0,0.0,0.0,0.0,0.0,0.0
amandio c - codex 4 - plot wag nz+ necrophors gadget lard.milk,high,0.0,0.0,0.0,0.0,0.0,0.0
amandio c - epicenter the end of the world we never knew.milk,standard,0.007437904190737754,0.0074363198364153504,0.0006109662353992462,0.0006102584302425385,0.0013571679592132568,0.0013582520186901093
amandio c - epicenter the end of the world we never knew.milk,medium,0.007437935622874647,0.007436351268552244,0.0006109699606895447,0.00061025470495224,0.0013571716845035553,0.0013582594692707062
amandio c - epicenter the end of the world we never knew.milk,high,0.0074379449361003935,0.007436360756400973,0.0006109699606895447,0.0006102584302425385,0.0013571754097938538,0.0013582594692707062
amandio c - epicenter zero improvement hackery.milk,standard,0.005500974541064352,0.005500405532075092,0.00021914765238761902,0.00021762587130069733,0.000988449901342392,0.0009873881936073303
amandio c - epicenter zero improvement hackery.milk,medium,0.005500978702912107,0.005500409781234339,0.0002191402018070221,0.00021762028336524963,0.0009884461760520935,0.0009873844683170319
amandio c - epicenter zero improvement hackery.milk,high,0.005500979023054242,0.0055004100722726434,0.0002191402018070221,0.00021761655807495117,0.0009884461760520935,0.0009873807430267334
amandio c - prime forms keylontiq pseudoskienke linqweth.milk,standard,0.03515757923014462,0.034844127018004656,0.004109267145395279,0.0041285306215286255,0.0014480780810117722,0.0014411062002182007
amandio c - prime forms keylontiq pseudoskienke linqweth.milk,medium,0.0362855966668576,0.035610883962363005,0.004640854895114899,0.004692688584327698,0.0012114215642213821,0.0011906381696462631
amandio c - prime forms keylontiq pseudoskienke linqweth.milk,high,0.03933456027880311,0.03785952879115939,0.006008651107549667,0.006126943975687027,0.0010463371872901917,0.0009546540677547455
astral spinorgentics encrustcore nz+.milk,standard,0.08366544218733907,0.018928410951048136,0.017935829237103462,0.00176144577562809,0.014016430824995041,0.0010732710361480713
astral spinorgentics encrustcore nz+.milk,medium,0.08265398256480694,0.019238978973589838,0.009322017431259155,0.0017451047897338867,0.007999908179044724,0.001051509752869606
astral spinorgentics encrustcore nz+.milk,high,0.09052667021751404,0.020547432941384614,0.02317586913704872,0.0016749761998653412,0.008403399959206581,0.0010690763592720032
chris grease organiq stymied parchment phlossidite logos holographeme flynn floyd.milk,standard,0.013624557468574494,0.010414376447442919,0.000844314694404602,0.0006623044610023499,0.0010748263448476791,0.0009413845837116241
chris grease organiq stymied parchment phlossidite logos holographeme flynn floyd.milk,medium,0.03900019126012921,0.010587524564471096,0.010005006566643715,0.0007016453891992569,0.011353723704814911,0.0009626206010580063
chris grease organiq stymied parchment phlossidite logos holographeme flynn floyd.milk,high,0.022306099825073034,0.011024223873391747,0.0024016648530960083,0.000810425728559494,0.0025087008252739906,0.0009560156613588333
geiss_experimental__Spiral Artifact (Filament Mix) - voronoi circles mix.milk,standard,6.338047433018801e-05,6.338047433018801e-05,5.9797021094709635e-06,5.9797021094709635e-06,5.770532879978418e-06,5.770532879978418e-06
geiss_experimental__Spiral Artifact (Filament Mix) - voronoi circles mix.milk,medium,7.154011905186053e-05,7.154011905186053e-05,6.027723429724574e-06,6.027723429724574e-06,6.00575003772974e-06,6.00575003772974e-06
geiss_experimental__Spiral Artifact (Filament Mix) - voronoi circles mix.milk,high,8.748107075007283e-05,8.748107075007283e-05,6.9513043854385614e-06,6.9513043854385614e-06,5.804962711408734e-06,5.804962711408734e-06
goody - woven beads (ps2-0).milk,standard,0.010603054193779826,0.010603054193779826,1.3537704944610596e-05,1.3537704944610596e-05,0.0004863794893026352,0.0004863794893026352
goody - woven beads (ps2-0).milk,medium,0.010603054193779826,0.010603054193779826,1.3537704944610596e-05,1.3537704944610596e-05,0.0004863794893026352,0.0004863794893026352
goody - woven beads (ps2-0).milk,high,0.010603054193779826,0.010603054193779826,1.3537704944610596e-05,1.3537704944610596e-05,0.0004863794893026352,0.0004863794893026352
martin + stahlregen - martin in da mash 12a.milk,standard,0.01384452631464228,0.013761223468463868,0.00015519186854362488,0.000181583222001791,0.0049301693215966225,0.004942902363836765
martin + stahlregen - martin in da mash 12a.milk,medium,0.014422515756450593,0.014349758974276483,0.00037162378430366516,0.00041091954335570335,0.0053480155766010284,0.005530678667128086
martin + stahlregen - martin in da mash 12a.milk,high,0.016444632143247873,0.016380585206206888,0.0013004210777580738,0.001623264979571104,0.00645363237708807,0.006889943964779377
martin + stahlregen - martin in da mash 12b.milk,standard,0.0057522093411535025,0.0057522093411535025,0.00016662757843732834,0.00016662757843732834,0.0008692871779203415,0.0008692871779203415
martin + stahlregen - martin in da mash 12b.milk,medium,0.007351648586336523,0.005956122447969392,0.002773227170109749,0.00012971367686986923,0.0005214065313339233,0.0010186545550823212
martin + stahlregen - martin in da mash 12b.milk,high,0.013958622934296727,0.00722083225264214,0.009503994602710009,0.00022404920309782028,0.0017207097262144089,0.0012867748737335205
martin + stahlregen - martin in da mash 13.milk,standard,0.007445436378475279,0.00746900012018159,7.716193795204163e-05,7.454585283994675e-05,0.000715259462594986,0.0007119663059711456
martin + stahlregen - martin in da mash 13.milk,medium,0.0078118324163369834,0.007725630945060402,0.0002604462206363678,0.00010619033128023148,0.0008771419525146484,0.000887356698513031
martin + stahlregen - martin in da mash 13.milk,high,0.008555780164897442,0.008255778288003057,0.0006119748577475548,0.00024129915982484818,0.001042177900671959,0.001085931435227394
martin - beamer code 22h - lines - rhythmic and fast.milk,standard,0.0008774206289672293,0.0008769661944825202,6.882753223180771e-05,6.897794082760811e-05,0.0002095550298690796,0.00020909681916236877
martin - beamer code 22h - lines - rhythmic and fast.milk,medium,0.0008776120666880161,0.0008769219202804379,6.957538425922394e-05,6.894534453749657e-05,0.0002088751643896103,0.00020940974354743958
martin - beamer code 22h - lines - rhythmic and fast.milk,high,0.0008777617331361398,0.0008768984116613865,7.009273394942284e-05,6.877956911921501e-05,0.00020789168775081635,0.00020958110690116882
martin - pixies party d-strux wille itunes.milk,standard,0.014923894894309342,0.005771465090219863,0.00025543011724948883,7.173418998718262e-05,0.0005840754602104425,0.000748111866414547
martin - pixies party d-strux wille itunes.milk,medium,0.015525059337960556,0.00607352344377432,0.0006022676825523376,7.142685353755951e-05,0.0010383576154708862,0.0008060396648943424
martin - pixies party d-strux wille itunes.milk,high,0.017425649421056733,0.006720170742482878,0.00037882663309574127,4.3584033846855164e-05,0.0007148981094360352,0.0009235055185854435
martin - pixies party d-strux wille.milk,standard,0.014923894894309342,0.005771465090219863,0.00025543011724948883,7.173418998718262e-05,0.0005840754602104425,0.000748111866414547
martin - pixies party d-strux wille.milk,medium,0.015525059337960556,0.00607352344377432,0.0006022676825523376,7.142685353755951e-05,0.0010383576154708862,0.0008060396648943424
martin - pixies party d-strux wille.milk,high,0.017425649421056733,0.006720170742482878,0.00037882663309574127,4.3584033846855164e-05,0.0007148981094360352,0.0009235055185854435
martin - pixies party filth edition.milk,standard,0.00039824708437663503,0.00039752366501488723,3.796117380261421e-05,3.782520070672035e-05,0.00013459741603583097,0.00013458391185849905
martin - pixies party filth edition.milk,medium,0.0004045270870847162,0.00040382964834861923,3.759469836950302e-05,3.746571019291878e-05,0.0001348373480141163,0.00013482070062309504
martin - pixies party filth edition.milk,high,0.00040890980562835466,0.0004077957728441106,3.546243533492088e-05,3.543775528669357e-05,0.0001351494574919343,0.0001351693645119667
martin - pixies party linkwurst love.milk,standard,0.015566881796985399,0.007573950533696916,7.987627759575844e-05,5.177757702767849e-05,0.0012111370451748371,0.0011833554599434137
martin - pixies party linkwurst love.milk,medium,0.016083801863715053,0.007948788545036223,0.00014628027565777302,6.754370406270027e-05,0.00121968612074852,0.0012807224411517382
martin - pixies party linkwurst love.milk,high,0.01685682921379339,0.00864544534124434,0.0003250956069678068,6.479397416114807e-05,0.0012012931983917952,0.001434898003935814
martin - purple pulsator - mom - ns2w nz.milk,standard,0.00016621772692815284,0.00016618613290120265,1.1856536730192602e-06,1.1321026249788702e-06,2.4067005142569542e-05,2.4270033463835716e-05
martin - purple pulsator - mom - ns2w nz.milk,medium,0.0001666829602982034,0.00016663639416947262,1.9917897589039057e-06,1.8164537323173136e-06,2.5996589101850986e-05,2.127827610820532e-05
martin - purple pulsator - mom - ns2w nz.milk,high,0.00017880685209092917,0.0001784565743037092,4.3003601604141295e-06,6.174093869049102e-06,0.00010866473894566298,0.00011360924690961838
martin - purple pulsator - mom - ns2w.milk,standard,0.0005493986063811462,0.0005493840617418755,6.777234375476837e-06,6.838701665401459e-06,7.0445239543914795e-06,7.244758307933807e-06
martin - purple pulsator - mom - ns2w.milk,medium,0.0005556270552915521,0.0005554973540711217,9.962357580661774e-06,1.0019168257713318e-05,8.774921298027039e-06,8.43871384859085e-06
martin - purple pulsator - mom - ns2w.milk,high,0.0005780733736173715,0.0005763962035416625,2.1111220121383667e-05,2.22895760089159e-05,5.488470196723938e-05,5.739554762840271e-05
martin - purple pulsator nz+.milk,standard,0.0017688444640953094,0.001768840302247554,2.1033454686403275e-05,2.1037179976701736e-05,0.00018351268954575062,0.00018351268954575062
martin - purple pulsator nz+.milk,medium,0.0018757201469270512,0.0018690766301006079,2.9887829441577196e-05,2.933054929599166e-05,0.0002385715488344431,0.00023667910136282444
martin - purple pulsator nz+.milk,high,0.0021424385995487683,0.002132755675120279,5.436665378510952e-05,5.3662050049752e-05,0.00042103836312890053,0.000419125659391284
martin - purple pulsator.milk,standard,0.0023138292599469423,0.002313720964593813,1.5980680473148823e-05,1.6231206245720387e-05,0.00015743356198072433,0.00015749875456094742
martin - purple pulsator.milk,medium,0.002439127187244594,0.0024367122969124466,4.3386127799749374e-05,4.307786002755165e-05,0.0001863276120275259,0.00018607336096465588
martin - purple pulsator.milk,high,0.002756946923909709,0.0027524378383532166,6.178743205964565e-05,6.120523903518915e-05,0.0002787373960018158,0.00027732178568840027
martin - sparky caleidoscope.milk,standard,0.01025044685229659,0.010010606434661895,0.0001944657415151596,0.00034609995782375336,0.000637933611869812,0.0006722100079059601
martin - sparky caleidoscope.milk,medium,0.010651748394593596,0.01031041785608977,0.00033790990710258484,0.0005405806005001068,0.0008161645382642746,0.0008491538465023041
martin - sparky caleidoscope.milk,high,0.015933775051962584,0.014623722236137837,0.0021689459681510925,0.0036371275782585144,0.0033124033361673355,0.0031157787889242172
midgitstraights of majillaen - featy sweet.milk,standard,0.005958927271421999,0.004864168236963451,6.615312304347754e-05,4.869361873716116e-05,0.002467408776283264,0.002432652749121189
midgitstraights of majillaen - featy sweet.milk,medium,0.00605923542752862,0.0048737829783931375,8.31324141472578e-05,5.698623135685921e-05,0.0025297519750893116,0.0023937332443892956
midgitstraights of majillaen - featy sweet.milk,high,0.00628793373471126,0.004910323244985193,7.693713996559381e-05,4.505552351474762e-05,0.0023742630146443844,0.0023745205253362656
mine idiosphuhrer (throw it all away) satan m anticipating my arrival in hell nz+.milk,standard,0.01495836820686236,0.01495836820686236,0.0001745983026921749,0.0001745983026921749,0.0010657059028744698,0.0010657059028744698
mine idiosphuhrer (throw it all away) satan m anticipating my arrival in hell nz+.milk,medium,0.014995734323747456,0.014995734323747456,0.00021473132073879242,0.00021473132073879242,0.0010630181059241295,0.0010630181059241295
mine idiosphuhrer (throw it all away) satan m anticipating my arrival in hell nz+.milk,high,0.015069288696395233,0.015069288696395233,0.0002618893049657345,0.0002618893049657345,0.0010217679664492607,0.0010217679664492607
mine idiosphuhrer (throw it all away) satan m anticipating my arrival in hell nz+2.milk,standard,0.014805691898800433,0.014805691898800433,0.0001774802803993225,0.0001774802803993225,0.00040088407695293427,0.00040088407695293427
mine idiosphuhrer (throw it all away) satan m anticipating my arrival in hell nz+2.milk,medium,0.01482515674433671,0.01482515674433671,0.00017082132399082184,0.00017082132399082184,0.0004042964428663254,0.0004042964428663254
mine idiosphuhrer (throw it all away) satan m anticipating my arrival in hell nz+2.milk,high,0.01485935368691571,0.01485935368691571,0.00016950629651546478,0.00016950629651546478,0.00040689483284950256,0.00040689483284950256
more breedre presets.milk,standard,0.0,0.0,0.0,0.0,0.0,0.0
more breedre presets.milk,medium,0.0,0.0,0.0,0.0,0.0,0.0
more breedre presets.milk,high,0.0,0.0,0.0,0.0,0.0,0.0
my dismal dream i live and breath i realize i cannot leave.milk,standard,0.0,0.0,0.0,0.0,0.0,0.0
my dismal dream i live and breath i realize i cannot leave.milk,medium,0.0,0.0,0.0,0.0,0.0,0.0
my dismal dream i live and breath i realize i cannot leave.milk,high,0.0,0.0,0.0,0.0,0.0,0.0
phat_RippleNebula_update.milk,standard,8.424273048035502e-06,8.424273048035502e-06,4.954636096954346e-06,4.954636096954346e-06,7.4118433985859156e-06,7.4118433985859156e-06
phat_RippleNebula_update.milk,medium,8.424273048035502e-06,8.424273048035502e-06,4.954636096954346e-06,4.954636096954346e-06,7.4118433985859156e-06,7.4118433985859156e-06
phat_RippleNebula_update.milk,high,8.424273048035502e-06,8.424273048035502e-06,4.954636096954346e-06,4.954636096954346e-06,7.4118433985859156e-06,7.4118433985859156e-06
rce-ordinary - melt spinner.milk,standard,0.0019171143794665113,0.001721973540043109,0.000526534699019976,0.000561114851734601,0.0014247826766222715,0.0014861829113215208
rce-ordinary - melt spinner.milk,medium,0.002027581509537413,0.0018021722553385189,0.0006391926290234551,0.0006585954542970285,0.0015518867876380682,0.0016550112050026655
rce-ordinary - melt spinner.milk,high,0.00231946121857618,0.0019976706862507854,0.0008667565853102133,0.0008888500597095117,0.0019434692803770304,0.001970592187717557
rediculator qrem glob.milk,standard,0.028267911489820108,0.013733898842474446,0.03240986168384552,0.003747895359992981,0.01311748567968607,0.004077960038557649
rediculator qrem glob.milk,medium,0.01703856882522814,0.013766425341600552,0.003161689266562462,0.0037379879504442215,0.004432998597621918,0.004096039803698659
rediculator qrem glob.milk,high,0.01656202966114506,0.013873420044546947,0.0008717961609363556,0.003788391128182411,0.002495636697858572,0.004115783143788576
shifter + Flexi - liquid circuitry from the oblivion hive nz+ the only art in the omniverse is turing machine translation2 postmortem.milk,standard,0.1373568782582879,0.13019785098731518,0.006497185677289963,0.007534097880125046,0.013051958754658699,0.013607002794742584
shifter + Flexi - liquid circuitry from the oblivion hive nz+ the only art in the omniverse is turing machine translation2 postmortem.milk,medium,0.14927719719707966,0.13128215819597244,0.00809938833117485,0.00859597697854042,0.011332396417856216,0.015056587755680084
shifter + Flexi - liquid circuitry from the oblivion hive nz+ the only art in the omniverse is turing machine translation2 postmortem.milk,high,0.16374914348125458,0.1354553485289216,0.017864618450403214,0.014653187245130539,0.012675737962126732,0.019833432510495186
shifter - brain coral flip.milk,standard,0.0,0.0,0.0,0.0,0.0,0.0
shifter - brain coral flip.milk,medium,0.0,0.0,0.0,0.0,0.0,0.0
shifter - brain coral flip.milk,high,0.0,0.0,0.0,0.0,0.0,0.0
shifter - brain coral.milk,standard,0.0,0.0,0.0,0.0,0.0,0.0
shifter - brain coral.milk,medium,0.0,0.0,0.0,0.0,0.0,0.0
shifter - brain coral.milk,high,0.0,0.0,0.0,0.0,0.0,0.0
shifter - fuzzball_1.milk,standard,0.0008402997991652228,0.0008386907866224647,6.519301678054035e-06,6.618414772674441e-06,0.0005380613729357719,0.0005386160919442773
shifter - fuzzball_1.milk,medium,0.0008567022232455201,0.0008530121558578685,4.133660695515573e-06,4.236251697875559e-06,0.0005488422466441989,0.0005595387192443013
shifter - fuzzball_1.milk,high,0.0008963543878053315,0.0008896704748622142,9.621493518352509e-06,3.863868187181652e-06,0.0005511210765689611,0.0005905715515837073
shiter redi jedi- agar mass prunre qaent possibly mbattre.milk,standard,0.011861064936965704,0.007888808380812407,0.0006389804184436798,2.687983214855194e-05,0.0009007491171360016,0.0006547719240188599
shiter redi jedi- agar mass prunre qaent possibly mbattre.milk,medium,0.021750150248408318,0.008004477072972804,0.0008768290281295776,2.8794631361961365e-05,0.001501264050602913,0.0007158871740102768
shiter redi jedi- agar mass prunre qaent possibly mbattre.milk,high,0.03094431373756379,0.008457577205263078,0.008785201236605644,2.812221646308899e-05,0.01186099648475647,0.0008785761892795563
"skipper skipper kiss me hard - thank god for martin nitorami - there is no free will, there is no cause, there is no effect nz+ #1 champion.milk",standard,0.001151354910689406,0.0009408925143361557,5.0952425226569176e-05,4.5664841309189796e-05,8.036196231842041e-05,6.605684757232666e-05
"skipper skipper kiss me hard - thank god for martin nitorami - there is no free will, there is no cause, there is no effect nz+ #1 champion.milk",medium,0.001305849804339232,0.0009827873182075564,9.386125020682812e-05,4.0479470044374466e-05,0.00018606986850500107,6.726337596774101e-05
"skipper skipper kiss me hard - thank god for martin nitorami - there is no free will, there is no cause, there is no effect nz+ #1 champion.milk",high,0.0014618480017816182,0.0010911585013673175,7.79666006565094e-05,3.345450386404991e-05,0.00020961998961865902,6.475159898400307e-05
sonar cow.milk,standard,0.0050620795373106375,0.0024919305797084235,0.00016822939505800605,2.3567641619592905e-05,0.0002591859083622694,5.7533616200089455e-05
sonar cow.milk,medium,0.005882081488380209,0.002493164560291916,0.0002452977350912988,2.3577362298965454e-05,0.0005378893110901117,5.651568062603474e-05
sonar cow.milk,high,0.007188826712081209,0.002499881593394093,0.00031778181437402964,2.3635453544557095e-05,0.0005886307917535305,5.058501847088337e-05
stahlregen - dots (psychedelic flower v2 - gamma tweak).milk,standard,0.002877199702197686,0.0010173972623306327,0.0015049483627080917,4.29423525929451e-05,0.00021861400455236435,2.5155022740364075e-05
stahlregen - dots (psychedelic flower v2 - gamma tweak).milk,medium,0.005912110966164619,0.0011197615676792338,0.005365164019167423,1.6335397958755493e-05,0.0010253069922327995,5.244743078947067e-05
stahlregen - dots (psychedelic flower v2 - gamma tweak).milk,high,0.010050307319033891,0.0016644699062453583,0.009306362830102444,0.00020274613052606583,0.001665712334215641,5.322042852640152e-05
suksma - Hexcollie - Julian Carnival - shimmy dumb grid dogmaklyasm nz+5.milk,standard,0.033104897889643325,0.01729016224089719,0.008185446495190263,0.0111961635411717,0.010942408815026283,0.01336167799308896
suksma - Hexcollie - Julian Carnival - shimmy dumb grid dogmaklyasm nz+5.milk,medium,0.03388728471509239,0.018036562643828802,0.010546091827563941,0.01101739367004484,0.012611658778041601,0.013378729345276952
suksma - Hexcollie - Julian Carnival - shimmy dumb grid dogmaklyasm nz+5.milk,high,0.038384633839086746,0.02129274783510482,0.007444911578204483,0.007796443300321698,0.01219872129149735,0.01176899578422308
suksma - Hexcollie - Julian Carnival - shimmy dumb grid dogmaklyasm nz+6.milk,standard,0.12514333240687847,0.08200284373015165,0.05515129119157791,0.05187955126166344,0.03330794349312782,0.03584731183946133
suksma - Hexcollie - Julian Carnival - shimmy dumb grid dogmaklyasm nz+6.milk,medium,0.13265451230108738,0.08382899081334472,0.055656518787145615,0.05296825431287289,0.03561818785965443,0.03628004156053066
suksma - Hexcollie - Julian Carnival - shimmy dumb grid dogmaklyasm nz+6.milk,high,0.13705394975841045,0.0894288681447506,0.04415746405720711,0.04892012104392052,0.03493634797632694,0.03451899066567421
suksma - ShadowHarlequin - mashup - Neon Starscape - butchered hogs with venom spread.milk,standard,0.0,0.0,0.0,0.0,0.0,0.0
suksma - ShadowHarlequin - mashup - Neon Starscape - butchered hogs with venom spread.milk,medium,0.0,0.0,0.0,0.0,0.0,0.0
suksma - ShadowHarlequin - mashup - Neon Starscape - butchered hogs with venom spread.milk,high,0.0,0.0,0.0,0.0,0.0,0.0
"suksma - Zylot - Fusion (sunbirth mix) - mash0000 - if i were three terror alien entities in one, maybe --- Isosceles edit.milk",standard,0.0,0.0,0.0,0.0,0.0,0.0
"suksma - Zylot - Fusion (sunbirth mix) - mash0000 - if i were three terror alien entities in one, maybe --- Isosceles edit.milk",medium,0.0,0.0,0.0,0.0,0.0,0.0
"suksma - Zylot - Fusion (sunbirth mix) - mash0000 - if i were three terror alien entities in one, maybe --- Isosceles edit.milk",high,0.0,0.0,0.0,0.0,0.0,0.0
"suksma - coal drapes - mrt fsh it wasn't enough that i was your slave, now you want my pacemaker.milk",standard,0.03518939693458378,0.0241263082716614,0.0014517009258270264,0.0013816896826028824,0.0006874017417430878,0.000588173046708107
"suksma - coal drapes - mrt fsh it wasn't enough that i was your slave, now you want my pacemaker.milk",medium,0.03606319706887007,0.025087001034989953,0.0019067861139774323,0.0018227361142635345,0.001177096739411354,0.0010623466223478317
"suksma - coal drapes - mrt fsh it wasn't enough that i was your slave, now you want my pacemaker.milk",high,0.03691082959994674,0.02678392524830997,0.003023335710167885,0.002881668508052826,0.0029592271894216537,0.0029189158231019974
"suksma - compelled me to mash, the bastard.milk",standard,0.0020382320653880015,0.0020287919469410554,1.5180092304944992e-05,1.3694632798433304e-05,0.0007359064184129238,0.0007293745875358582
"suksma - compelled me to mash, the bastard.milk",medium,0.0037011235544923693,0.0036506101314444095,9.301467798650265e-05,8.676387369632721e-05,0.0012035882100462914,0.0012190770357847214
"suksma - compelled me to mash, the bastard.milk",high,0.006126173946540803,0.006030336138792336,0.00010879943147301674,0.00010395166464149952,0.0017399545758962631,0.0017988001927733421
suksma - dicked.milk,standard,0.00212844560155645,0.0019499601185088977,4.204176366329193e-05,3.413669764995575e-05,6.404891610145569e-05,6.247870624065399e-05
suksma - dicked.milk,medium,0.002151066204532981,0.001970175639144145,3.735348582267761e-05,3.4963712096214294e-05,7.036887109279633e-05,6.598234176635742e-05
suksma - dicked.milk,high,0.0026741074107121676,0.0023901329550426453,7.096491754055023e-05,3.5259872674942017e-05,8.601322770118713e-05,7.006898522377014e-05
"suksma - don't know, but yes this bored (adnan's).milk",standard,0.11059244070202112,0.10416490398347378,0.0261065773665905,0.025992685928940773,0.02706463262438774,0.027112450450658798
"suksma - don't know, but yes this bored (adnan's).milk",medium,0.10981276351958513,0.10443945694714785,0.02619875781238079,0.026097577065229416,0.027087725698947906,0.027163468301296234
"suksma - don't know, but yes this bored (adnan's).milk",high,0.10947557911276817,0.10465220082551241,0.02633753791451454,0.026184752583503723,0.027092762291431427,0.02718852460384369
suksma - ed geining hateops - Infernal Imitator Mix.milk,standard,0.00028658329483732814,0.0002865402730094502,1.289282226935029e-05,1.2891876394860446e-05,6.555579602718353e-05,6.583926733583212e-05
suksma - ed geining hateops - Infernal Imitator Mix.milk,medium,0.0003305870077383588,0.0003297091279819142,1.8863531295210123e-05,1.9207102013751864e-05,0.00010511488653719425,0.00010592152830213308
suksma - ed geining hateops - Infernal Imitator Mix.milk,high,0.0004108281009393977,0.0004088245532329893,3.555724106263369e-05,3.653162275440991e-05,0.00016946601681411266,0.0001714322715997696
suksma - gaeomaentaec.milk,standard,0.007896684051956981,0.006228283746168017,0.0005493061617016792,0.0005693184211850166,0.0005120951682329178,0.0005001593381166458
suksma - gaeomaentaec.milk,medium,0.007883560901973397,0.006252796039916575,0.000664394348859787,0.0005858521908521652,0.000685153529047966,0.0005324948579072952
suksma - gaeomaentaec.milk,high,0.00828377972356975,0.006308479583822191,0.0007539065554738045,0.0005847588181495667,0.0008330848067998886,0.0005604345351457596
suksma - grainery clock mortis.milk,standard,0.020705141127109528,0.014453000389039516,0.005444295704364777,0.0047148168087005615,0.0011027231812477112,0.0009672343730926514
suksma - grainery clock mortis.milk,medium,0.021929734386503696,0.0155393899185583,0.005224321037530899,0.004604075103998184,0.0011066067963838577,0.0009537935256958008
suksma - grainery clock mortis.milk,high,0.023956921184435487,0.01735806348733604,0.004948612302541733,0.004447463899850845,0.001110948622226715,0.0009080972522497177
suksma - martin - neon space ps3 - dotes2 - flx flacc roam3 piss verticle.milk,standard,0.0052525626961141825,0.003973830825998448,0.0003712102770805359,0.00019142357632517815,0.0003782995045185089,0.00025725364685058594
suksma - martin - neon space ps3 - dotes2 - flx flacc roam3 piss verticle.milk,medium,0.00435099181777332,0.003988058277172968,0.0003349282778799534,0.00018877070397138596,0.00033978279680013657,0.0002491539344191551
suksma - martin - neon space ps3 - dotes2 - flx flacc roam3 piss verticle.milk,high,0.005526031061890535,0.004028031195048243,0.0004681660793721676,0.00018266262486577034,0.0004954887554049492,0.0002483269199728966
suksma - selectron validumb blegula auralsect put the screws to you.milk,standard,0.13362483587116003,0.06628961628302932,0.005483485758304596,0.006600961089134216,0.0038638729602098465,0.004170423373579979
suksma - selectron validumb blegula auralsect put the screws to you.milk,medium,0.14474352449178696,0.06782180769369006,0.011370845139026642,0.006654493510723114,0.006078585982322693,0.004670107737183571
suksma - selectron validumb blegula auralsect put the screws to you.milk,high,0.15622719936072826,0.07084934040904045,0.025141295045614243,0.0077201612293720245,0.008110731840133667,0.005753520876169205
suksma - shape instance exp 3 - bulloxain - flacc.milk,standard,0.19660475477576256,0.07343872729688883,0.006368070840835571,0.00610998272895813,0.02531241998076439,0.025356829166412354
suksma - shape instance exp 3 - bulloxain - flacc.milk,medium,0.1973396446555853,0.07512886729091406,0.006630510091781616,0.0055597685277462006,0.025869451463222504,0.025804348289966583
suksma - shape instance exp 3 - bulloxain - flacc.milk,high,0.19644227251410484,0.07541518472135067,0.006401460617780685,0.003297429531812668,0.023549800738692284,0.02378385327756405
suksma - sloughluvial magknitpicking quadropodes.milk,standard,2.4024095182539895e-05,2.4024095182539895e-05,0.0,0.0,1.1291704140603542e-06,1.1291704140603542e-06
suksma - sloughluvial magknitpicking quadropodes.milk,medium,2.4024095182539895e-05,2.4024095182539895e-05,0.0,0.0,1.1291704140603542e-06,1.1291704140603542e-06
suksma - sloughluvial magknitpicking quadropodes.milk,high,2.4024095182539895e-05,2.4024095182539895e-05,0.0,0.0,1.1291704140603542e-06,1.1291704140603542e-06
suksma - society caves in.milk,standard,0.0,0.0,0.0,0.0,0.0,0.0
suksma - society caves in.milk,medium,0.0,0.0,0.0,0.0,0.0,0.0
suksma - society caves in.milk,high,0.0,0.0,0.0,0.0,0.0,0.0
suksma - staining aethers of lovegrudge barfpain --- Isosceles edit2.milk,standard,0.0005220043832148136,0.00045057837390949373,3.022700548171997e-05,4.284083843231201e-06,2.3717800559097668e-05,1.4066636595089221e-05
suksma - staining aethers of lovegrudge barfpain --- Isosceles edit2.milk,medium,0.0005595000202878175,0.00047249395297033203,4.303455352783203e-05,7.368624210357666e-06,1.5660425560781732e-05,1.845497149588482e-05
suksma - staining aethers of lovegrudge barfpain --- Isosceles edit2.milk,high,0.0006456655931446065,0.0005565215417844271,3.402680158615112e-05,1.379847526550293e-05,3.284248441559612e-05,2.645234235387761e-05
suksma - vector exp 1 - couldn't not.milk,standard,0.019024617387913167,0.019024617387913167,9.043514728546143e-05,9.043514728546143e-05,0.0010682465508580208,0.0010682465508580208
suksma - vector exp 1 - couldn't not.milk,medium,0.02127615117933601,0.019617386627942324,0.000548284500837326,0.0005433652549982071,0.0009846203029155731,0.0010591791942715645
suksma - vector exp 1 - couldn't not.milk,high,0.023292914498597383,0.021637441706843674,0.0017836354672908783,0.0018175505101680756,0.0008289236575365067,0.0008243471384048462
there is gum stuck to my hate.milk,standard,0.17954260855913162,0.05113875539973378,0.005022283643484116,0.0010144338011741638,0.001388832926750183,0.0009547248482704163
there is gum stuck to my hate.milk,medium,0.18234693631529808,0.0513427322730422,0.00391760841012001,0.0007726848125457764,0.001622609794139862,0.0008321329951286316
there is gum stuck to my hate.milk,high,0.1842675730586052,0.0513940155506134,0.004979539662599564,0.0009812451899051666,0.0015544295310974121,0.0009302422404289246
undulant safe preyre --- Isosceles edit.milk,standard,0.0,0.0,0.0,0.0,0.0,0.0
undulant safe preyre --- Isosceles edit.milk,medium,0.0,0.0,0.0,0.0,0.0,0.0
undulant safe preyre --- Isosceles edit.milk,high,0.0,0.0,0.0,0.0,0.0,0.0
va ultramix - 290_3.milk,standard,0.023851942969486117,0.023851942969486117,0.0006444826722145081,0.0006444826722145081,0.006608812138438225,0.006608812138438225
va ultramix - 290_3.milk,medium,0.02678578649647534,0.025859618559479713,0.002647269517183304,0.0023244433104991913,0.004893500357866287,0.007033038884401321
va ultramix - 290_3.milk,high,0.03358371229842305,0.030673353234305978,0.006462447345256805,0.006105653941631317,0.0016420278698205948,0.006822448223829269
va ultramix2 - 532_2.milk,standard,0.019853428239002824,0.019853428239002824,0.0006799213588237762,0.0006799213588237762,0.004640024155378342,0.004640024155378342
va ultramix2 - 532_2.milk,medium,0.02136124949902296,0.0209251765627414,0.0005717091262340546,0.0016402117908000946,0.004381958395242691,0.004721291363239288
va ultramix2 - 532_2.milk,high,0.02460438129492104,0.023271488025784492,0.0015814490616321564,0.0035666711628437042,0.0038280971348285675,0.004227612167596817
va ultramix2 - 533_1.milk,standard,0.019083982100710273,0.019083982100710273,0.001483473926782608,0.001483473926782608,0.004706960171461105,0.004706960171461105
va ultramix2 - 533_1.milk,medium,0.02106201951391995,0.01964705530554056,0.002275727689266205,0.001987844705581665,0.0026605725288391113,0.004993688315153122
va ultramix2 - 533_1.milk,high,0.02548836823552847,0.021053181495517492,0.00790531188249588,0.0029916949570178986,0.0007542334496974945,0.005179867148399353
va ultramix2 - 534.milk,standard,0.02210189332254231,0.02210189332254231,0.0005181990563869476,0.0005181990563869476,0.00571553036570549,0.00571553036570549
va ultramix2 - 534.milk,medium,0.02450222335755825,0.0235223607160151,0.0018797218799591064,0.0019412115216255188,0.004273109138011932,0.006000544875860214
va ultramix2 - 534.milk,high,0.030492121120914817,0.02707086526788771,0.005642548203468323,0.005033798515796661,0.0017142854630947113,0.00570475310087204
