vertex,x,y,u,v,rad,ang,r,g,b,a,byte_r,byte_g,byte_b,byte_a
0,-1,1,0,0,1,3.92699099,0.700929105,1,0.915382206,1,178,255,233,255
1,-0.813037038,1,0.0934814811,0,0.911325753,4.02974892,0.713025868,1,0.90716362,1,181,255,231,255
2,-0.650963008,1,0.174518496,0,0.843727648,4.13533735,0.723512292,1,0.900039077,1,184,255,229,255
3,-0.511999905,1,0.244000047,0,0.794400334,4.23918772,0.732503355,1,0.893930495,1,186,255,227,255
4,-0.394370437,1,0.302814782,0,0.760107875,4.33674526,0.740114152,1,0.888759673,1,188,255,226,255
5,-0.296296239,1,0.351851881,0,0.737492919,4.42433357,0.746459723,1,0.884448528,1,190,255,225,255
6,-0.215999961,1,0.39200002,0,0.723414183,4.49965763,0.751654983,1,0.880918801,1,191,255,224,255
7,-0.151703656,1,0.424148172,0,0.715197146,4.56183338,0.755815029,1,0.878092408,1,192,255,223,255
8,-0.101629615,1,0.449185193,0,0.710749149,4.61110735,0.759054899,1,0.875891268,1,193,255,223,255
9,-0.0640000105,1,0.467999995,0,0.708553433,4.6484766,0.76148957,1,0.87423718,1,194,255,222,255
10,-0.037037015,1,0.481481493,0,0.707591653,4.67536926,0.763234138,1,0.873051882,1,194,255,222,255
11,-0.0189629793,1,0.49051851,0,0.707233906,4.69342852,0.764403522,1,0.872257352,1,194,255,222,255
12,-0.00800001621,1,0.495999992,0,0.707129359,4.70438957,0.765112877,1,0.871775508,1,195,255,222,255
13,-0.00237035751,1,0.498814821,0,0.707108736,4.71001863,0.765477061,1,0.871528029,1,195,255,222,255
14,-0.000296294689,1,0.499851853,0,0.707106769,4.71209288,0.765611291,1,0.871436834,1,195,255,222,255
15,0,1,0.5,0,0.707106769,4.71238899,0.765630484,1,0.871423841,1,195,255,222,255
16,0,1,0.5,0,0.707106769,4.71238899,0.765630484,1,0.871423841,1,195,255,222,255
17,0.000296354294,1,0.500148177,0,0.707106769,4.71268559,0.765649617,1,0.871410787,1,195,255,222,255
18,0.00237035751,1,0.501185179,0,0.707108736,4.71475935,0.765783787,1,0.871319652,1,195,255,222,255
19,0.00800001621,1,0.504000008,0,0.707129359,4.72038889,0.76614809,1,0.871072173,1,195,255,222,255
20,0.0189629793,1,0.50948149,0,0.707233906,4.73134995,0.766857386,1,0.87059021,1,195,255,222,255
21,0.037037015,1,0.518518507,0,0.707591653,4.7494092,0.768026829,1,0.86979574,1,195,255,221,255
22,0.0640000105,1,0.532000005,0,0.708553433,4.77630186,0.769771338,1,0.868610501,1,196,255,221,255
23,0.101629615,1,0.550814807,0,0.710749149,4.81367111,0.772206008,1,0.866956353,1,196,255,221,255
24,0.151703835,1,0.575851917,0,0.715197206,4.86294508,0.775445938,1,0.864755154,1,197,255,220,255
25,0.216000199,1,0.6080001,0,0.723414183,4.92512131,0.779605985,1,0.861928821,1,198,255,219,255
26,0.296296358,1,0.648148179,0,0.737492919,5.00044441,0.784801245,1,0.858399093,1,200,255,218,255
27,0.394370556,1,0.697185278,0,0.760107994,5.0880332,0.791146755,1,0.854087949,1,201,255,217,255
28,0.512000084,1,0.756000042,0,0.794400394,5.18559074,0.798757553,1,0.848917067,1,203,255,216,255
29,0.650963306,1,0.825481653,0,0.843727827,5.28944111,0.807748675,1,0.842808545,1,205,255,214,255
30,0.813037157,1,0.906518579,0,0.911325812,5.39502907,0.81823504,1,0.835684001,1,208,255,213,255
31,1,1,1,0,1,5.49778748,0.830331802,1,0.827465415,1,211,255,211,255
32,-1,0.7513147,0,0.12434265,0.884441614,3.78593493,0.712706327,0.9927001,0.925903797,1,181,253,236,255
33,-0.813037038,0.7513147,0.0934814811,0.12434265,0.782784522,3.88755584,0.725674331,0.993292034,0.915250897,1,185,253,233,255
34,-0.650963008,0.7513147,0.174518496,0.12434265,0.702931941,3.99843264,0.736916006,0.99380517,0.906015992,1,187,253,231,255
35,-0.511999905,0.7513147,0.244000047,0.12434265,0.64289099,4.11420631,0.746554554,0.994245052,0.898097992,1,190,253,229,255
36,-0.394370437,0.7513147,0.302814782,0.12434265,0.600000799,4.22901487,0.754713535,0.994617462,0.891395628,1,192,253,227,255
37,-0.296296239,0.7513147,0.351851881,0.12434265,0.571080208,4.33674526,0.761516094,0.994928002,0.885807395,1,194,253,225,255
38,-0.215999961,0.7513147,0.39200002,0.12434265,0.552779257,4.43244314,0.767085552,0.995182216,0.881232142,1,195,253,224,255
39,-0.151703656,0.7513147,0.424148172,0.12434265,0.541981459,4.51315022,0.771545231,0.995385766,0.877568543,1,196,253,223,255
40,-0.101629615,0.7513147,0.449185193,0.12434265,0.536098123,4.57793617,0.775018454,0.995544314,0.874715447,1,197,253,223,255
41,-0.0640000105,0.7513147,0.467999995,0.12434265,0.533183753,4.62741041,0.777628481,0.995663404,0.872571409,1,198,253,222,255
42,-0.037037015,0.7513147,0.481481493,0.12434265,0.531904817,4.66313267,0.779498637,0.995748818,0.87103498,1,198,253,222,255
43,-0.0189629793,0.7513147,0.49051851,0.12434265,0.531428933,4.68715477,0.780752242,0.995806038,0.87000525,1,199,253,221,255
44,-0.00800001621,0.7513147,0.495999992,0.12434265,0.531289816,4.7017417,0.781512618,0.995840728,0.869380593,1,199,253,221,255
45,-0.00237035751,0.7513147,0.498814821,0.12434265,0.531262338,4.70923424,0.781903148,0.99585855,0.869059741,1,199,253,221,255
46,-0.000296294689,0.7513147,0.499851853,0.12434265,0.531259716,4.71199465,0.782047033,0.995865166,0.868941605,1,199,253,221,255
47,0,0.7513147,0.5,0.12434265,0.531259716,4.71238899,0.782067537,0.99586606,0.868924677,1,199,253,221,255
48,0,0.7513147,0.5,0.12434265,0.531259716,4.71238899,0.782067537,0.99586606,0.868924677,1,199,253,221,255
49,0.000296354294,0.7513147,0.500148177,0.12434265,0.531259716,4.71278381,0.782088101,0.995866954,0.868907809,1,199,253,221,255
50,0.00237035751,0.7513147,0.501185179,0.12434265,0.531262338,4.71554422,0.782231927,0.99587357,0.868789673,1,199,253,221,255
51,0.00800001621,0.7513147,0.504000008,0.12434265,0.531289816,4.72303677,0.782622516,0.995891392,0.868468821,1,199,253,221,255
52,0.0189629793,0.7513147,0.50948149,0.12434265,0.531428933,4.73762369,0.783382833,0.995926082,0.867844164,1,199,253,221,255
53,0.037037015,0.7513147,0.518518507,0.12434265,0.531904817,4.76164532,0.784636497,0.995983303,0.866814375,1,200,253,221,255
54,0.0640000105,0.7513147,0.532000005,0.12434265,0.533183753,4.79736805,0.786506653,0.996068656,0.865278065,1,200,253,220,255
55,0.101629615,0.7513147,0.550814807,0.12434265,0.536098123,4.84684181,0.789116681,0.996187866,0.863133907,1,201,254,220,255
56,0.151703835,0.7513147,0.575851917,0.12434265,0.541981459,4.91162825,0.792589962,0.996346295,0.860280752,1,202,254,219,255
57,0.216000199,0.7513147,0.6080001,0.12434265,0.552779257,4.99233532,0.797049642,0.996549904,0.856617153,1,203,254,218,255
58,0.296296358,0.7513147,0.648148179,0.12434265,0.571080267,5.0880332,0.80261904,0.996804118,0.852042019,1,204,254,217,255
59,0.394370556,0.7513147,0.697185278,0.12434265,0.600000799,5.19576359,0.809421599,0.997114599,0.846453846,1,206,254,215,255
60,0.512000084,0.7513147,0.756000042,0.12434265,0.642891049,5.31057167,0.817580581,0.997487009,0.839751363,1,208,254,214,255
61,0.650963306,0.7513147,0.825481653,0.12434265,0.70293206,5.42634583,0.827219188,0.99792695,0.831833422,1,210,254,212,255
62,0.813037157,0.7513147,0.906518579,0.12434265,0.782784522,5.53722239,0.838460803,0.998440087,0.822598517,1,213,254,209,255
63,1,0.7513147,1,0.12434265,0.884441614,5.63884354,0.851428807,0.999031961,0.811945617,1,217,254,207,255
64,-1,0.547708452,0,0.226145774,0.806221008,3.64267492,0.72234869,0.986723483,0.934518158,1,184,251,238,255
65,-0.813037038,0.547708452,0.0934814811,0.226145774,0.693186045,3.73441958,0.736030042,0.987800062,0.92187202,1,187,251,235,255
66,-0.650963008,0.547708452,0.174518496,0.226145774,0.601555228,3.84106231,0.747889996,0.988733292,0.910909474,1,190,252,232,255
67,-0.511999905,0.547708452,0.244000047,0.226145774,0.530154884,3.96067476,0.758058786,0.989533424,0.90151,1,193,252,229,255
68,-0.394370437,0.547708452,0.302814782,0.226145774,0.477238208,4.08834171,0.766666472,0.990210712,0.893553674,1,195,252,227,255
69,-0.296296239,0.547708452,0.351851881,0.226145774,0.440327197,4.21650171,0.773843229,0.990775406,0.886919916,1,197,252,226,255
70,-0.215999961,0.547708452,0.39200002,0.226145774,0.416317523,4.33674526,0.779719055,0.99123776,0.88148874,1,198,252,224,255
71,-0.151703656,0.547708452,0.424148172,0.226145774,0.401869744,4.44218445,0.784423947,0.991607964,0.877139688,1,200,252,223,255
72,-0.101629615,0.547708452,0.449185193,0.226145774,0.393899173,4.5289216,0.788088262,0.991896272,0.873752773,1,200,252,222,255
73,-0.0640000105,0.547708452,0.467999995,0.226145774,0.389923424,4.596066,0.790841877,0.992112994,0.871207535,1,201,252,222,255
74,-0.037037015,0.547708452,0.481481493,0.226145774,0.388172805,4.64487028,0.792814851,0.992268205,0.869383752,1,202,253,221,255
75,-0.0189629793,0.547708452,0.49051851,0.226145774,0.387520432,4.67778063,0.794137478,0.992372274,0.868161201,1,202,253,221,255
76,-0.00800001621,0.547708452,0.495999992,0.226145774,0.387329668,4.69778395,0.794939756,0.992435396,0.86741972,1,202,253,221,255
77,-0.00237035751,0.547708452,0.498814821,0.226145774,0.387291998,4.70806122,0.795351624,0.992467821,0.867038965,1,202,253,221,255
78,-0.000296294689,0.547708452,0.499851853,0.226145774,0.387288421,4.71184826,0.795503438,0.992479861,0.866898596,1,202,253,221,255
79,0,0.547708452,0.5,0.226145774,0.387288362,4.71238899,0.795525134,0.99248147,0.866878569,1,202,253,221,255
80,0,0.547708452,0.5,0.226145774,0.387288362,4.71238899,0.795525134,0.99248147,0.866878569,1,202,253,221,255
81,0.000296354294,0.547708452,0.500148177,0.226145774,0.387288421,4.7129302,0.79554677,0.992483139,0.866858542,1,202,253,221,255
82,0.00237035751,0.547708452,0.501185179,0.226145774,0.387291998,4.71671677,0.795698583,0.99249512,0.866718233,1,202,253,221,255
83,0.00800001621,0.547708452,0.504000008,0.226145774,0.387329668,4.72699451,0.796110451,0.992527544,0.866337478,1,203,253,220,255
84,0.0189629793,0.547708452,0.50948149,0.226145774,0.387520432,4.74699783,0.796912789,0.992590666,0.865595877,1,203,253,220,255
85,0.037037015,0.547708452,0.518518507,0.226145774,0.388172805,4.77990818,0.798235357,0.992694795,0.864373386,1,203,253,220,255
86,0.0640000105,0.547708452,0.532000005,0.226145774,0.389923424,4.82871199,0.80020839,0.992849946,0.862549663,1,204,253,219,255
87,0.101629615,0.547708452,0.550814807,0.226145774,0.393899173,4.89585686,0.802961946,0.993066669,0.860004425,1,204,253,219,255
88,0.151703835,0.547708452,0.575851917,0.226145774,0.401869744,4.98259449,0.806626201,0.993354976,0.856617451,1,205,253,218,255
89,0.216000199,0.547708452,0.6080001,0.226145774,0.416317552,5.0880332,0.811331272,0.993725181,0.852268398,1,206,253,217,255
90,0.296296358,0.547708452,0.648148179,0.226145774,0.440327197,5.20827675,0.817206979,0.994187534,0.846837223,1,208,253,215,255
91,0.394370556,0.547708452,0.697185278,0.226145774,0.477238268,5.33643675,0.824383736,0.994752228,0.840203524,1,210,253,214,255
92,0.512000084,0.547708452,0.756000042,0.226145774,0.530155003,5.4641037,0.832991481,0.995429575,0.832247078,1,212,253,212,255
93,0.650963306,0.547708452,0.825481653,0.226145774,0.601555407,5.58371639,0.843160331,0.996229708,0.822847664,1,215,254,209,255
94,0.813037157,0.547708452,0.906518579,0.226145774,0.693186104,5.69035864,0.855020285,0.997162938,0.811885118,1,218,254,207,255
95,1,0.547708452,1,0.226145774,0.806221008,5.78210354,0.868701518,0.998239458,0.799239039,1,221,254,203,255
96,-1,0.384673238,0,0.307663381,0.757619143,3.50881696,0.730069697,0.981937766,0.941416025,1,186,250,240,255
97,-0.813037038,0.384673238,0.0934814811,0.307663381,0.63600421,3.58351541,0.744322121,0.983402371,0.927173913,1,189,250,236,255
98,-0.650963008,0.384673238,0.174518496,0.307663381,0.53466171,3.6753161,0.75667733,0.98467195,0.914827883,1,192,251,233,255
99,-0.511999905,0.384673238,0.244000047,0.307663381,0.4528341,3.78593516,0.767270625,0.98576057,0.904242158,1,195,251,230,255
100,-0.394370437,0.384673238,0.302814782,0.307663381,0.389552027,3.91454411,0.776237726,0.986681998,0.895281613,1,197,251,228,255
101,-0.296296239,0.384673238,0.351851881,0.307663381,0.343340188,4.05605078,0.783713996,0.987450242,0.887810826,1,199,251,226,255
102,-0.215999961,0.384673238,0.39200002,0.307663381,0.311953098,4.20074797,0.789835095,0.98807925,0.881694198,1,201,251,224,255
103,-0.151703656,0.384673238,0.424148172,0.307663381,0.292393148,4.33674526,0.794736445,0.988582909,0.876796246,1,202,252,223,255
104,-0.101629615,0.384673238,0.449185193,0.307663381,0.281337917,4.45409393,0.798553765,0.988975227,0.872981846,1,203,252,222,255
105,-0.0640000105,0.384673238,0.467999995,0.307663381,0.275743991,4.54752445,0.801422298,0.989269972,0.870115459,1,204,252,221,255
106,-0.037037015,0.384673238,0.481481493,0.307663381,0.273262918,4.6164031,0.803477705,0.989481211,0.868061483,1,204,252,221,255
107,-0.0189629793,0.384673238,0.49051851,0.307663381,0.272335351,4.66313267,0.804855585,0.989622712,0.866684675,1,205,252,221,255
108,-0.00800001621,0.384673238,0.495999992,0.307663381,0.272063881,4.69159508,0.805691302,0.989708602,0.865849614,1,205,252,220,255
109,-0.00237035751,0.384673238,0.498814821,0.307663381,0.272010237,4.7062273,0.806120396,0.98975271,0.865420759,1,205,252,220,255
110,-0.000296294689,0.384673238,0.499851853,0.307663381,0.272005141,4.7116189,0.806278527,0.989769042,0.865262747,1,205,252,220,255
111,0,0.384673238,0.5,0.307663381,0.272005051,4.71238899,0.806301117,0.989771307,0.865240216,1,205,252,220,255
112,0,0.384673238,0.5,0.307663381,0.272005051,4.71238899,0.806301117,0.989771307,0.865240216,1,205,252,220,255
113,0.000296354294,0.384673238,0.500148177,0.307663381,0.272005141,4.71315956,0.806323647,0.989773631,0.865217686,1,205,252,220,255
114,0.00237035751,0.384673238,0.501185179,0.307663381,0.272010237,4.71855116,0.806481779,0.989789844,0.865059614,1,205,252,220,255
115,0.00800001621,0.384673238,0.504000008,0.307663381,0.272063881,4.73318291,0.806910872,0.989834011,0.864630818,1,205,252,220,255
116,0.0189629793,0.384673238,0.50948149,0.307663381,0.272335351,4.76164532,0.807746589,0.989919841,0.863795698,1,205,252,220,255
117,0.037037015,0.384673238,0.518518507,0.307663381,0.273262918,4.80837488,0.80912447,0.990061462,0.86241889,1,206,252,219,255
118,0.0640000105,0.384673238,0.532000005,0.307663381,0.275743991,4.87725401,0.811179876,0.990272641,0.860364914,1,206,252,219,255
119,0.101629615,0.384673238,0.550814807,0.307663381,0.281337917,4.97068453,0.814048409,0.990567446,0.857498467,1,207,252,218,255
120,0.151703835,0.384673238,0.575851917,0.307663381,0.292393208,5.0880332,0.81786567,0.990959704,0.853684008,1,208,252,217,255
121,0.216000199,0.384673238,0.6080001,0.307663381,0.311953187,5.22403097,0.822767079,0.991463304,0.848786235,1,209,252,216,255
122,0.296296358,0.384673238,0.648148179,0.307663381,0.343340218,5.36872768,0.828888178,0.992092371,0.842669547,1,211,252,214,255
123,0.394370556,0.384673238,0.697185278,0.307663381,0.389552087,5.51023436,0.836364508,0.992860615,0.8351987,1,213,253,212,255
124,0.512000084,0.384673238,0.756000042,0.307663381,0.452834189,5.63884354,0.845331609,0.993782103,0.826238155,1,215,253,210,255
125,0.650963306,0.384673238,0.825481653,0.307663381,0.534661949,5.74946213,0.855924964,0.994870663,0.81565249,1,218,253,207,255
126,0.813037157,0.384673238,0.906518579,0.307663381,0.636004329,5.84126282,0.868280053,0.996140242,0.803306401,1,221,254,204,255
127,1,0.384673238,1,0.307663381,0.757619143,5.91596127,0.882532477,0.997604847,0.789064407,1,225,254,201,255
128,-1,0.25770092,0,0.37114954,0.730208814,3.39380622,0.736082852,0.978210688,0.946788073,1,187,249,241,255
129,-0.813037038,0.25770092,0.0934814811,0.37114954,0.603091598,3.4485364,0.750780106,0.979977429,0.931303084,1,191,249,237,255
130,-0.650963008,0.25770092,0.174518496,0.37114954,0.495056897,3.51853943,0.763520896,0.981509089,0.917879522,1,194,250,234,255
131,-0.511999905,0.25770092,0.244000047,0.37114954,0.40531078,3.60789466,0.774444759,0.982822239,0.906370044,1,197,250,231,255
132,-0.394370437,0.25770092,0.302814782,0.37114954,0.333119959,3.72038865,0.783691764,0.983933866,0.896627426,1,199,250,228,255
133,-0.296296239,0.25770092,0.351851881,0.37114954,0.277669966,3.85743642,0.791401386,0.984860659,0.888504565,1,201,251,226,255
134,-0.215999961,0.25770092,0.39200002,0.37114954,0.23776643,4.01479721,0.797713518,0.985619426,0.881854117,1,203,251,224,255
135,-0.151703656,0.25770092,0.424148172,0.37114954,0.211451858,4.18033409,0.802767932,0.986226976,0.8765288,1,204,251,223,255
136,-0.101629615,0.25770092,0.449185193,0.37114954,0.195880517,4.33674526,0.806704283,0.986700237,0.872381508,1,205,251,222,255
137,-0.0640000105,0.25770092,0.467999995,0.37114954,0.187757507,4.4689641,0.809662402,0.987055838,0.869264901,1,206,251,221,255
138,-0.037037015,0.25770092,0.481481493,0.37114954,0.184094429,4.56964588,0.811781883,0.987310588,0.867031753,1,207,251,221,255
139,-0.0189629793,0.25770092,0.49051851,0.37114954,0.182714745,4.63893604,0.813202798,0.987481415,0.865534782,1,207,251,220,255
140,-0.00800001621,0.25770092,0.495999992,0.37114954,0.182309866,4.68135548,0.814064622,0.987585008,0.864626765,1,207,251,220,255
141,-0.00237035751,0.25770092,0.498814821,0.37114954,0.182229787,4.70319128,0.814507127,0.987638175,0.864160538,1,207,251,220,255
142,-0.000296294689,0.25770092,0.499851853,0.37114954,0.182222202,4.71123934,0.814670205,0.987657845,0.863988817,1,207,251,220,255
143,0,0.25770092,0.5,0.37114954,0.182222068,4.71238899,0.814693451,0.987660646,0.8639642,1,207,251,220,255
144,0,0.25770092,0.5,0.37114954,0.182222068,4.71238899,0.814693451,0.987660646,0.8639642,1,207,251,220,255
145,0.000296354294,0.25770092,0.500148177,0.37114954,0.182222202,4.71353912,0.814716756,0.987663388,0.863939703,1,207,251,220,255
146,0.00237035751,0.25770092,0.501185179,0.37114954,0.182229787,4.72158718,0.814879775,0.987682998,0.863767922,1,207,251,220,255
147,0.00800001621,0.25770092,0.504000008,0.37114954,0.182309866,4.74342299,0.81532234,0.987736225,0.863301635,1,207,251,220,255
148,0.0189629793,0.25770092,0.50948149,0.37114954,0.182714745,4.78584194,0.816184103,0.987839818,0.862393618,1,208,251,219,255
149,0.037037015,0.25770092,0.518518507,0.37114954,0.184094429,4.85513258,0.817604959,0.988010585,0.860896647,1,208,251,219,255
150,0.0640000105,0.25770092,0.532000005,0.37114954,0.187757507,4.95581436,0.8197245,0.988265395,0.858663499,1,209,252,218,255
151,0.101629615,0.25770092,0.550814807,0.37114954,0.195880517,5.0880332,0.822682619,0.988620996,0.855546892,1,209,252,218,255
152,0.151703835,0.25770092,0.575851917,0.37114954,0.211451918,5.24444485,0.826618969,0.989094257,0.851399481,1,210,252,217,255
153,0.216000199,0.25770092,0.6080001,0.37114954,0.237766534,5.40998173,0.831673384,0.989701807,0.846074224,1,212,252,215,255
154,0.296296358,0.25770092,0.648148179,0.37114954,0.277670026,5.56734228,0.837985516,0.990460634,0.839423835,1,213,252,214,255
155,0.394370556,0.25770092,0.697185278,0.37114954,0.333120048,5.70438957,0.845695138,0.991387367,0.831300914,1,215,252,211,255
156,0.512000084,0.25770092,0.756000042,0.37114954,0.405310899,5.81688356,0.854942083,0.992498994,0.821558416,1,218,253,209,255
157,0.650963306,0.25770092,0.825481653,0.37114954,0.495057046,5.90623903,0.865866065,0.993812203,0.810048938,1,220,253,206,255
158,0.813037157,0.25770092,0.906518579,0.37114954,0.603091717,5.97624207,0.878606796,0.995343804,0.796625316,1,224,253,203,255
159,1,0.25770092,1,0.37114954,0.730208814,6.030972,0.89330405,0.997110605,0.781140327,1,227,254,199,255
160,-1,0.162283957,0,0.418858021,0.716357529,3.30247426,0.74060154,0.975409806,0.950825036,1,188,248,242,255
161,-0.813037038,0.162283957,0.0934814811,0.418858021,0.586244524,3.33860588,0.755633175,0.9774037,0.934405982,1,192,249,238,255
162,-0.650963008,0.162283957,0.174518496,0.418858021,0.47438854,3.38591099,0.768663645,0.979132175,0.920172751,1,196,249,234,255
163,-0.511999905,0.162283957,0.244000047,0.418858021,0.379789442,3.44853663,0.779836059,0.980614126,0.907968998,1,198,250,231,255
164,-0.394370437,0.162283957,0.302814782,0.418858021,0.301549464,3.53197455,0.789293289,0.981868684,0.897638798,1,201,250,228,255
165,-0.296296239,0.162283957,0.351851881,0.418858021,0.238880247,3.64267492,0.797178328,0.982914567,0.889025986,1,203,250,226,255
166,-0.215999961,0.162283957,0.39200002,0.418858021,0.191039339,3.78593493,0.803634048,0.983770907,0.881974339,1,204,250,224,255
167,-0.151703656,0.162283957,0.424148172,0.418858021,0.157082915,3.96067476,0.80880338,0.984456599,0.876327872,1,206,251,223,255
168,-0.101629615,0.162283957,0.449185193,0.418858021,0.135396942,4.15289497,0.812829256,0.984990656,0.871930361,1,207,251,222,255
169,-0.0640000105,0.162283957,0.467999995,0.418858021,0.123353325,4.33674526,0.815854609,0.985391974,0.86862582,1,208,251,221,255
170,-0.037037015,0.162283957,0.481481493,0.418858021,0.117702641,4.4880085,0.81802237,0.985679507,0.866257906,1,208,251,220,255
171,-0.0189629793,0.162283957,0.49051851,0.418858021,0.115532845,4.596066,0.819475472,0.985872269,0.864670634,1,208,251,220,255
172,-0.00800001621,0.162283957,0.495999992,0.418858021,0.11489144,4.66313267,0.820356905,0.985989153,0.8637079,1,209,251,220,255
173,-0.00237035751,0.162283957,0.498814821,0.418858021,0.114764333,4.69778395,0.820809543,0.986049235,0.86321348,1,209,251,220,255
174,-0.000296294689,0.162283957,0.499851853,0.418858021,0.114752278,4.71056366,0.820976317,0.986071348,0.863031387,1,209,251,220,255
175,0,0.162283957,0.5,0.418858021,0.114752091,4.71238899,0.821000099,0.986074448,0.86300528,1,209,251,220,255
176,0,0.162283957,0.5,0.418858021,0.114752091,4.71238899,0.821000099,0.986074448,0.86300528,1,209,251,220,255
177,0.000296354294,0.162283957,0.500148177,0.418858021,0.114752278,4.71421528,0.821023941,0.986077607,0.862979293,1,209,251,220,255
178,0.00237035751,0.162283957,0.501185179,0.418858021,0.114764333,4.72699451,0.821190715,0.98609978,0.862797141,1,209,251,220,255
179,0.00800001621,0.162283957,0.504000008,0.418858021,0.11489144,4.76164579,0.821643353,0.986159861,0.86230278,1,209,251,219,255
180,0.0189629793,0.162283957,0.50948149,0.418858021,0.115532845,4.82871246,0.822524786,0.986276746,0.861339986,1,209,251,219,255
181,0.037037015,0.162283957,0.518518507,0.418858021,0.117702641,4.93676949,0.823977888,0.986469507,0.859752715,1,210,251,219,255
182,0.0640000105,0.162283957,0.532000005,0.418858021,0.123353325,5.0880332,0.826145649,0.98675698,0.857384801,1,210,251,218,255
183,0.101629615,0.162283957,0.550814807,0.418858021,0.135396942,5.27188396,0.829171002,0.987158358,0.85408026,1,211,251,217,255
184,0.151703835,0.162283957,0.575851917,0.418858021,0.157083005,5.46410418,0.833196878,0.987692356,0.849682748,1,212,251,216,255
185,0.216000199,0.162283957,0.6080001,0.418858021,0.191039488,5.63884401,0.83836627,0.988378048,0.844036281,1,213,252,215,255
186,0.296296358,0.162283957,0.648148179,0.418858021,0.238880336,5.78210354,0.84482193,0.989234388,0.836984634,1,215,252,213,255
187,0.394370556,0.162283957,0.697185278,0.418858021,0.301549524,5.89280367,0.852706969,0.99028033,0.828371823,1,217,252,211,255
188,0.512000084,0.162283957,0.756000042,0.418858021,0.379789501,5.97624207,0.862164199,0.991534829,0.818041623,1,219,252,208,255
189,0.650963306,0.162283957,0.825481653,0.418858021,0.474388719,6.03886747,0.873336613,0.993016779,0.805837929,1,222,253,205,255
190,0.813037157,0.162283957,0.906518579,0.418858021,0.586244643,6.08617258,0.886367142,0.994745255,0.791604578,1,226,253,201,255
191,1,0.162283957,1,0.418858021,0.716357529,6.12230396,0.901398659,0.996739209,0.775185585,1,229,254,197,255
192,-1,0.09391433,0,0.453042835,0.710218251,3.23523259,0.743839443,0.973402917,0.953717709,1,189,248,243,255
193,-0.813037038,0.09391433,0.0934814811,0.453042835,0.578726709,3.2565937,0.75911051,0.975559533,0.936629355,1,193,248,238,255
194,-0.650963008,0.09391433,0.174518496,0.453042835,0.465065986,3.28487396,0.772348702,0.977429032,0.921815872,1,196,249,235,255
195,-0.511999905,0.09391433,0.244000047,0.453042835,0.368078679,3.32300282,0.783699095,0.97903198,0.909114778,1,199,249,231,255
196,-0.394370437,0.09391433,0.302814782,0.453042835,0.286660045,3.37537575,0.793307006,0.98038888,0.898363471,1,202,249,229,255
197,-0.296296239,0.09391433,0.351851881,0.453042835,0.219785541,3.44853663,0.801317692,0.981520176,0.889399529,1,204,250,226,255
198,-0.215999961,0.09391433,0.39200002,0.453042835,0.16654712,3.55172515,0.807876289,0.982446373,0.882060528,1,206,250,224,255
199,-0.151703656,0.09391433,0.424148172,0.453042835,0.126162395,3.69591236,0.813127995,0.983188093,0.876183808,1,207,250,223,255
200,-0.101629615,0.09391433,0.449185193,0.453042835,0.0978480503,3.88755584,0.817218006,0.983765721,0.871607125,1,208,250,222,255
201,-0.0640000105,0.09391433,0.467999995,0.453042835,0.0803613812,4.11420631,0.820291579,0.984199762,0.868167877,1,209,250,221,255
202,-0.037037015,0.09391433,0.481481493,0.453042835,0.0713850185,4.33674526,0.822493911,0.98451072,0.865703404,1,209,251,220,255
203,-0.0189629793,0.09391433,0.49051851,0.453042835,0.0677476823,4.51315022,0.823970258,0.984719217,0.864051461,1,210,251,220,255
204,-0.00800001621,0.09391433,0.495999992,0.453042835,0.0666479692,4.62740993,0.824865639,0.984845698,0.863049448,1,210,251,220,255
205,-0.00237035751,0.09391433,0.498814821,0.453042835,0.0664286092,4.68715477,0.825325489,0.984910667,0.862534881,1,210,251,219,255
206,-0.000296294689,0.09391433,0.499851853,0.453042835,0.0664077923,4.70923424,0.825494885,0.984934568,0.862345338,1,210,251,219,255
207,0,0.09391433,0.5,0.453042835,0.0664074644,4.71238899,0.825519085,0.984937966,0.862318277,1,210,251,219,255
208,0,0.09391433,0.5,0.453042835,0.0664074644,4.71238899,0.825519085,0.984937966,0.862318277,1,210,251,219,255
209,0.000296354294,0.09391433,0.500148177,0.453042835,0.0664077923,4.7155447,0.825543284,0.984941363,0.862291217,1,210,251,219,255
210,0.00237035751,0.09391433,0.501185179,0.453042835,0.0664286092,4.73762321,0.82571274,0.984965324,0.862101614,1,210,251,219,255
211,0.00800001621,0.09391433,0.504000008,0.453042835,0.0666479692,4.79736805,0.826172531,0.985030234,0.861587048,1,210,251,219,255
212,0.0189629793,0.09391433,0.50948149,0.453042835,0.0677476823,4.91162825,0.827067971,0.985156715,0.860585034,1,210,251,219,255
213,0.037037015,0.09391433,0.518518507,0.453042835,0.0713850185,5.08803272,0.828544259,0.985365212,0.858933091,1,211,251,219,255
214,0.0640000105,0.09391433,0.532000005,0.453042835,0.0803613812,5.31057167,0.830746591,0.985676229,0.856468678,1,211,251,218,255
215,0.101629615,0.09391433,0.550814807,0.453042835,0.0978480503,5.53722239,0.833820164,0.98611027,0.85302937,1,212,251,217,255
216,0.151703835,0.09391433,0.575851917,0.453042835,0.126162499,5.72886658,0.837910235,0.986687839,0.848452628,1,213,251,216,255
217,0.216000199,0.09391433,0.6080001,0.453042835,0.166547284,5.87305355,0.843161941,0.987429559,0.842575967,1,215,251,214,255
218,0.296296358,0.09391433,0.648148179,0.453042835,0.219785616,5.97624207,0.849720478,0.988355756,0.835236967,1,216,252,212,255
219,0.394370556,0.09391433,0.697185278,0.453042835,0.286660105,6.04940271,0.857731104,0.989487052,0.826273084,1,218,252,210,255
220,0.512000084,0.09391433,0.756000042,0.453042835,0.368078798,6.10177565,0.867339134,0.990843892,0.815521717,1,221,252,207,255
221,0.650963306,0.09391433,0.825481653,0.453042835,0.465066195,6.1399045,0.878689587,0.992446899,0.802820623,1,224,253,204,255
222,0.813037157,0.09391433,0.906518579,0.453042835,0.578726768,6.16818476,0.89192766,0.994316459,0.788007081,1,227,253,200,255
223,1,0.09391433,1,0.453042835,0.710218251,6.18954563,0.907198787,0.996473074,0.770918846,1,231,254,196,255
224,-1,0.0480841398,0,0.47595793,0.70792377,3.18964005,0.746009827,0.972057581,0.955656707,1,190,247,243,255
225,-0.813037038,0.0480841398,0.0934814811,0.47595793,0.575908542,3.20066547,0.761441469,0.974323332,0.938119769,1,194,248,239,255
226,-0.650963008,0.0480841398,0.174518496,0.47595793,0.461554408,3.21532512,0.774818778,0.976287425,0.922917426,1,197,248,235,255
227,-0.511999905,0.0480841398,0.244000047,0.47595793,0.363631666,3.23523259,0.786288619,0.977971435,0.909882784,1,200,249,232,255
228,-0.394370437,0.0480841398,0.302814782,0.47595793,0.280927181,3.26292038,0.7959975,0.979396939,0.898849249,1,202,249,229,255
229,-0.296296239,0.0480841398,0.351851881,0.47595793,0.212254047,3.30247426,0.804092467,0.980585456,0.889649987,1,205,250,226,255
230,-0.215999961,0.0480841398,0.39200002,0.47595793,0.156473756,3.3606329,0.810720026,0.981558502,0.882118225,1,206,250,224,255
231,-0.151703656,0.0480841398,0.424148172,0.47595793,0.112530179,3.44853663,0.816026866,0.982337654,0.876087308,1,208,250,223,255
232,-0.101629615,0.0480841398,0.449185193,0.47595793,0.0795005187,3.58351517,0.820159912,0.982944548,0.871390402,1,209,250,222,255
233,-0.0640000105,0.0480841398,0.467999995,0.47595793,0.0566042662,3.78593469,0.823265791,0.983400524,0.867860913,1,209,250,221,255
234,-0.037037015,0.0480841398,0.481481493,0.47595793,0.0429175086,4.05605078,0.825491309,0.983727276,0.865331709,1,210,250,220,255
235,-0.0189629793,0.0480841398,0.49051851,0.47595793,0.0365491398,4.33674479,0.826983094,0.983946323,0.863636434,1,210,250,220,255
236,-0.00800001621,0.0480841398,0.495999992,0.47595793,0.0344679914,4.54752398,0.827887952,0.984079123,0.862608135,1,211,250,219,255
237,-0.00237035751,0.0480841398,0.498814821,0.47595793,0.0340419114,4.66313314,0.82835263,0.984147429,0.862079978,1,211,250,219,255
238,-0.000296294689,0.0480841398,0.499851853,0.47595793,0.0340012684,4.7062273,0.828523874,0.984172523,0.861885548,1,211,250,219,255
239,0,0.0480841398,0.5,0.47595793,0.0340006202,4.71238899,0.828548253,0.984176159,0.861857653,1,211,250,219,255
240,0,0.0480841398,0.5,0.47595793,0.0340006202,4.71238899,0.828548253,0.984176159,0.861857653,1,211,250,219,255
241,0.000296354294,0.0480841398,0.500148177,0.47595793,0.0340012684,4.71855259,0.82857275,0.984179735,0.861829877,1,211,250,219,255
242,0.00237035751,0.0480841398,0.501185179,0.47595793,0.0340419114,4.76164532,0.828743875,0.984204829,0.861635387,1,211,250,219,255
243,0.00800001621,0.0480841398,0.504000008,0.47595793,0.0344679914,4.87725449,0.829208553,0.984273076,0.86110729,1,211,250,219,255
244,0.0189629793,0.0480841398,0.50948149,0.47595793,0.0365491398,5.0880332,0.830113411,0.984405935,0.860078931,1,211,251,219,255
245,0.037037015,0.0480841398,0.518518507,0.47595793,0.0429175086,5.36872768,0.831605196,0.984624982,0.858383715,1,212,251,218,255
246,0.0640000105,0.0480841398,0.532000005,0.47595793,0.0566042662,5.63884354,0.833830774,0.984951735,0.855854511,1,212,251,218,255
247,0.101629615,0.0480841398,0.550814807,0.47595793,0.0795005187,5.84126282,0.836936593,0.98540771,0.852324963,1,213,251,217,255
248,0.151703835,0.0480841398,0.575851917,0.47595793,0.112530306,5.97624207,0.841069698,0.986014545,0.847628057,1,214,251,216,255
249,0.216000199,0.0480841398,0.6080001,0.47595793,0.15647392,6.06414557,0.846376598,0.986793697,0.84159714,1,215,251,214,255
250,0.296296358,0.0480841398,0.648148179,0.47595793,0.212254122,6.12230396,0.853004098,0.987766802,0.834065378,1,217,251,212,255
251,0.394370556,0.0480841398,0.697185278,0.47595793,0.280927241,6.16185808,0.861099005,0.988955319,0.824866176,1,219,252,210,255
252,0.512000084,0.0480841398,0.756000042,0.47595793,0.363631815,6.18954563,0.870808005,0.990380824,0.813832581,1,222,252,207,255
253,0.650963306,0.0480841398,0.825481653,0.47595793,0.461554617,6.20945311,0.882277787,0.992064834,0.800797999,1,224,252,204,255
254,0.813037157,0.0480841398,0.906518579,0.47595793,0.575908661,6.22411299,0.895655096,0.994028986,0.785595596,1,228,253,200,255
255,1,0.0480841398,1,0.47595793,0.70792377,6.23513842,0.911086738,0.996294677,0.768058658,1,232,254,195,255
256,-1,0.0202854872,0,0.489857256,0.707252264,3.16187549,0.747326314,0.971241593,0.956832886,1,190,247,243,255
257,-0.813037038,0.0202854872,0.0934814811,0.489857256,0.575082898,3.166538,0.762855351,0.973573506,0.939023793,1,194,248,239,255
258,-0.650963008,0.0202854872,0.174518496,0.489857256,0.460523784,3.17274499,0.77631712,0.975594938,0.923585474,1,197,248,235,255
259,-0.511999905,0.0202854872,0.244000047,0.489857256,0.362322628,3.18119216,0.787859261,0.977328122,0.910348654,1,200,249,232,255
260,-0.394370437,0.0202854872,0.302814782,0.489857256,0.279230684,3.1929853,0.797629535,0.97879529,0.899143934,1,203,249,229,255
261,-0.296296239,0.0202854872,0.351851881,0.489857256,0.210003525,3.20994973,0.805775464,0.980018497,0.889801919,1,205,249,226,255
262,-0.215999961,0.0202854872,0.39200002,0.489857256,0.153407112,3.23523259,0.812444866,0.981019974,0.882153332,1,207,250,224,255
263,-0.151703656,0.0202854872,0.424148172,0.489857256,0.108225457,3.27452207,0.817785263,0.981821895,0.876028717,1,208,250,223,255
264,-0.101629615,0.0202854872,0.449185193,0.489857256,0.073280558,3.33860588,0.821944356,0.982446492,0.871258974,1,209,250,222,255
265,-0.0640000105,0.0202854872,0.467999995,0.489857256,0.0474736877,3.4485364,0.825069845,0.982915759,0.867674649,1,210,250,221,255
266,-0.037037015,0.0202854872,0.481481493,0.489857256,0.0298600178,3.64267492,0.82730937,0.983252108,0.865106285,1,210,250,220,255
267,-0.0189629793,0.0202854872,0.49051851,0.489857256,0.0196353719,3.96067405,0.828810573,0.983477533,0.863384664,1,211,250,220,255
268,-0.00800001621,0.0202854872,0.495999992,0.489857256,0.0154191637,4.33674431,0.829721153,0.983614206,0.862340331,1,211,250,219,255
269,-0.00237035751,0.0202854872,0.498814821,0.489857256,0.0144415991,4.59606647,0.830188751,0.98368448,0.861804128,1,211,250,219,255
270,-0.000296294689,0.0202854872,0.499851853,0.489857256,0.0143455351,4.69778395,0.830361068,0.983710349,0.861606598,1,211,250,219,255
271,0,0.0202854872,0.5,0.489857256,0.0143440058,4.71238899,0.830385685,0.983714044,0.861578345,1,211,250,219,255
272,0,0.0202854872,0.5,0.489857256,0.0143440058,4.71238899,0.830385685,0.983714044,0.861578345,1,211,250,219,255
273,0.000296354294,0.0202854872,0.500148177,0.489857256,0.014345536,4.72699738,0.830410242,0.98371768,0.861550152,1,211,250,219,255
274,0.00237035751,0.0202854872,0.501185179,0.489857256,0.0144415991,4.82871151,0.8305825,0.983743608,0.861352563,1,211,250,219,255
275,0.00800001621,0.0202854872,0.504000008,0.489857256,0.0154191637,5.08803368,0.831050098,0.983813822,0.8608163,1,211,250,219,255
276,0.0189629793,0.0202854872,0.50948149,0.489857256,0.0196353719,5.46410418,0.831960678,0.983950555,0.859772027,1,212,250,219,255
277,0.037037015,0.0202854872,0.518518507,0.489857256,0.0298600178,5.78210354,0.83346194,0.98417598,0.858050406,1,212,250,218,255
278,0.0640000105,0.0202854872,0.532000005,0.489857256,0.0474736877,5.97624207,0.835701466,0.984512269,0.855482042,1,213,251,218,255
279,0.101629615,0.0202854872,0.550814807,0.489857256,0.073280558,6.08617258,0.838826895,0.984981596,0.851897657,1,213,251,217,255
280,0.151703835,0.0202854872,0.575851917,0.489857256,0.108225584,6.15025616,0.842986107,0.985606134,0.847127855,1,214,251,216,255
281,0.216000199,0.0202854872,0.6080001,0.489857256,0.153407276,6.18954611,0.848326504,0.986408055,0.841003358,1,216,251,214,255
282,0.296296358,0.0202854872,0.648148179,0.489857256,0.210003614,6.21482849,0.854995847,0.987409592,0.833354771,1,218,251,212,255
283,0.394370556,0.0202854872,0.697185278,0.489857256,0.279230773,6.23179293,0.863141835,0.988632798,0.824012816,1,220,252,210,255
284,0.512000084,0.0202854872,0.756000042,0.489857256,0.362322807,6.24358606,0.872912049,0.990099907,0.812808037,1,222,252,207,255
285,0.650963306,0.0202854872,0.825481653,0.489857256,0.460523993,6.25203323,0.88445425,0.991833091,0.799571157,1,225,252,203,255
286,0.813037157,0.0202854872,0.906518579,0.489857256,0.575083017,6.25824022,0.897915959,0.993854582,0.784132898,1,228,253,199,255
287,1,0.0202854872,1,0.489857256,0.707252264,6.26290274,0.913444996,0.996186435,0.766323864,1,232,254,195,255
288,-1,0.00601053238,0,0.496994734,0.707119524,3.14760327,0.74800235,0.970822573,0.9574368,1,190,247,244,255
289,-0.813037038,0.00601053238,0.0934814811,0.496994734,0.57491976,3.14898539,0.763581395,0.97318846,0.939487994,1,194,248,239,255
290,-0.650963008,0.00601053238,0.174518496,0.496994734,0.460319996,3.15082598,0.777086496,0.975239396,0.923928618,1,198,248,235,255
291,-0.511999905,0.00601053238,0.244000047,0.496994734,0.362063557,3.15333152,0.788665831,0.976997793,0.910587788,1,201,249,232,255
292,-0.394370437,0.00601053238,0.302814782,0.496994734,0.278894395,3.15683246,0.798467577,0.9784863,0.899295151,1,203,249,229,255
293,-0.296296239,0.00601053238,0.351851881,0.496994734,0.209556177,3.16187549,0.806639731,0.979727328,0.889879882,1,205,249,226,255
294,-0.215999961,0.00601053238,0.39200002,0.496994734,0.152794167,3.16941214,0.813330591,0.980743408,0.882171273,1,207,250,224,255
295,-0.151703656,0.00601053238,0.424148172,0.496994734,0.107354842,3.1811924,0.818688154,0.981557012,0.875998735,1,208,250,223,255
296,-0.101629615,0.00601053238,0.449185193,0.496994734,0.0719885603,3.20066547,0.822860718,0.982190728,0.871191502,1,209,250,222,255
297,-0.0640000105,0.00601053238,0.467999995,0.496994734,0.0454539768,3.23523283,0.82599622,0.98266691,0.867579043,1,210,250,221,255
298,-0.037037015,0.00601053238,0.481481493,0.496994734,0.0265317447,3.30247474,0.828242958,0.983008087,0.864990532,1,211,250,220,255
299,-0.0189629793,0.00601053238,0.49051851,0.496994734,0.014066291,3.44853687,0.829749048,0.98323679,0.863255322,1,211,250,220,255
300,-0.00800001621,0.00601053238,0.495999992,0.496994734,0.00707554771,3.78593493,0.830662549,0.98337549,0.862202942,1,211,250,219,255
301,-0.00237035751,0.00601053238,0.498814821,0.496994734,0.00456864852,4.33674812,0.831131637,0.983446717,0.861662388,1,211,250,219,255
302,-0.000296294689,0.00601053238,0.499851853,0.496994734,0.00425524916,4.66313314,0.831304491,0.983473003,0.861463368,1,211,250,219,255
303,0,0.00601053238,0.5,0.496994734,0.00425008824,4.71238899,0.831329167,0.983476758,0.861434877,1,211,250,219,255
304,0,0.00601053238,0.5,0.496994734,0.00425008824,4.71238899,0.831329167,0.983476758,0.861434877,1,211,250,219,255
305,0.000296354294,0.00601053238,0.500148177,0.496994734,0.00425525149,4.76165485,0.831353843,0.983480453,0.861406386,1,211,250,219,255
306,0.00237035751,0.00601053238,0.501185179,0.496994734,0.00456864852,5.08803034,0.831526697,0.983506739,0.861207306,1,212,250,219,255
307,0.00800001621,0.00601053238,0.504000008,0.496994734,0.00707554771,5.63884354,0.831995785,0.983577967,0.860666871,1,212,250,219,255
308,0.0189629793,0.00601053238,0.50948149,0.496994734,0.014066291,5.97624111,0.832909286,0.983716667,0.859614432,1,212,250,219,255
309,0.037037015,0.00601053238,0.518518507,0.496994734,0.0265317447,6.12230349,0.834415317,0.98394537,0.857879221,1,212,250,218,255
310,0.0640000105,0.00601053238,0.532000005,0.496994734,0.0454539768,6.18954563,0.836662114,0.984286547,0.855290771,1,213,250,218,255
311,0.101629615,0.00601053238,0.550814807,0.496994734,0.0719885603,6.22411251,0.839797616,0.984762788,0.851678252,1,214,251,217,255
312,0.151703835,0.00601053238,0.575851917,0.496994734,0.107354969,6.24358606,0.84397018,0.985396385,0.846871018,1,215,251,215,255
313,0.216000199,0.00601053238,0.6080001,0.496994734,0.152794331,6.25536633,0.849327803,0.986210048,0.840698481,1,216,251,214,255
314,0.296296358,0.00601053238,0.648148179,0.496994734,0.209556267,6.26290274,0.856018603,0.987226129,0.832989872,1,218,251,212,255
315,0.394370556,0.00601053238,0.697185278,0.496994734,0.278894484,6.26794577,0.864190817,0.988467157,0.823574543,1,220,252,210,255
316,0.512000084,0.00601053238,0.756000042,0.496994734,0.362063676,6.2714467,0.873992503,0.989955664,0.812281907,1,222,252,207,255
317,0.650963306,0.00601053238,0.825481653,0.496994734,0.460320204,6.27395248,0.885571897,0.99171412,0.798941195,1,225,252,203,255
318,0.813037157,0.00601053238,0.906518579,0.496994734,0.57491976,6.27579308,0.899076998,0.993765056,0.78338176,1,229,253,199,255
319,1,0.00601053238,1,0.496994734,0.707119524,6.27717495,0.914656043,0.996130884,0.765432954,1,233,254,195,255
320,-1,0.000751316547,0,0.499624342,0.707106948,3.14234424,0.748251438,0.970668197,0.957659304,1,190,247,244,255
321,-0.813037038,0.000751316547,0.0934814811,0.499624342,0.574904263,3.14251685,0.763848901,0.973046601,0.939659059,1,194,248,239,255
322,-0.650963008,0.000751316547,0.174518496,0.499624342,0.460300654,3.14274693,0.777369976,0.975108325,0.92405504,1,198,248,235,255
323,-0.511999905,0.000751316547,0.244000047,0.499624342,0.362039,3.14306021,0.78896296,0.97687608,0.910676003,1,201,249,232,255
324,-0.394370437,0.000751316547,0.302814782,0.499624342,0.278862506,3.14349794,0.798776329,0.978372514,0.899350941,1,203,249,229,255
325,-0.296296239,0.000751316547,0.351851881,0.499624342,0.209513754,3.14412856,0.806958199,0.979620099,0.889908671,1,205,249,226,255
326,-0.215999961,0.000751316547,0.39200002,0.499624342,0.152735963,3.14507103,0.813656926,0.980641544,0.882177889,1,207,250,224,255
327,-0.151703656,0.000751316547,0.424148172,0.499624342,0.107271999,3.14654541,0.819020867,0.981459439,0.875987649,1,208,250,223,255
328,-0.101629615,0.000751316547,0.449185193,0.499624342,0.0718649551,3.14898539,0.823198318,0.982096493,0.871166646,1,209,250,222,255
329,-0.0640000105,0.000751316547,0.467999995,0.499624342,0.0452579595,3.15333152,0.826337576,0.982575178,0.867543757,1,210,250,221,255
330,-0.037037015,0.000751316547,0.481481493,0.499624342,0.026194511,3.16187549,0.828586996,0.982918143,0.864947855,1,211,250,220,255
331,-0.0189629793,0.000751316547,0.49051851,0.499624342,0.0134193711,3.1811924,0.830094814,0.983148098,0.863207757,1,211,250,220,255
332,-0.00800001621,0.000751316547,0.495999992,0.499624342,0.00568175735,3.23523259,0.831009388,0.983287573,0.862152219,1,211,250,219,255
333,-0.00237035751,0.000751316547,0.498814821,0.499624342,0.00175827637,3.44853878,0.831479013,0.983359158,0.861610234,1,212,250,219,255
334,-0.000296294689,0.000751316547,0.499851853,0.499624342,0.000571081066,4.33674812,0.831652105,0.983385563,0.861410558,1,212,250,219,255
335,0,0.000751316547,0.5,0.499624342,0.00053126103,4.71238899,0.831676781,0.983389318,0.861382008,1,212,250,219,255
336,0,0.000751316547,0.5,0.499624342,0.00053126103,4.71238899,0.831676781,0.983389318,0.861382008,1,212,250,219,255
337,0.000296354294,0.000751316547,0.500148177,0.499624342,0.000571096491,5.088099,0.831701517,0.983393073,0.861353517,1,212,250,219,255
338,0.00237035751,0.000751316547,0.501185179,0.499624342,0.00175827637,5.97623968,0.831874549,0.983419478,0.861153781,1,212,250,219,255
339,0.00800001621,0.000751316547,0.504000008,0.499624342,0.00568175735,6.18954563,0.832344174,0.983491063,0.860611796,1,212,250,219,255
340,0.0189629793,0.000751316547,0.50948149,0.499624342,0.0134193711,6.24358606,0.833258748,0.983630538,0.859556317,1,212,250,219,255
341,0.037037015,0.000751316547,0.518518507,0.499624342,0.026194511,6.26290274,0.834766626,0.983860433,0.857816219,1,212,250,218,255
342,0.0640000105,0.000751316547,0.532000005,0.499624342,0.0452579595,6.2714467,0.837016046,0.984203458,0.855220258,1,213,250,218,255
343,0.101629615,0.000751316547,0.550814807,0.499624342,0.0718649551,6.27579308,0.840155244,0.984682143,0.851597428,1,214,251,217,255
344,0.151703835,0.000751316547,0.575851917,0.499624342,0.107272126,6.27823305,0.844332695,0.985319138,0.846776366,1,215,251,215,255
345,0.216000199,0.000751316547,0.6080001,0.499624342,0.152736142,6.27970695,0.849696696,0.986137092,0.840586126,1,216,251,214,255
346,0.296296358,0.000751316547,0.648148179,0.499624342,0.209513843,6.28064966,0.856395423,0.987158537,0.832855403,1,218,251,212,255
347,0.394370556,0.000751316547,0.697185278,0.499624342,0.278862596,6.28128052,0.864577293,0.988406181,0.823413134,1,220,252,209,255
348,0.512000084,0.000751316547,0.756000042,0.499624342,0.362039119,6.28171825,0.874390602,0.989902496,0.812088013,1,222,252,207,255
349,0.650963306,0.000751316547,0.825481653,0.499624342,0.460300863,6.28203154,0.885983646,0.99167031,0.798709095,1,225,252,203,255
350,0.813037157,0.000751316547,0.906518579,0.499624342,0.574904323,6.28226137,0.899504721,0.993732035,0.783105016,1,229,253,199,255
351,1,0.000751316547,1,0.499624342,0.707106948,6.28243399,0.915102184,0.996110439,0.765104711,1,233,254,195,255
352,-1,0,0,0.5,0.707106769,3.14159274,0.748286963,0.970646143,0.957691073,1,190,247,244,255
353,-0.813037038,0,0.0934814811,0.5,0.574904025,3.14159274,0.763887048,0.973026335,0.939683437,1,194,248,239,255
354,-0.650963008,0,0.174518496,0.5,0.460300356,3.14159274,0.777410448,0.97508961,0.92407304,1,198,248,235,255
355,-0.511999905,0,0.244000047,0.5,0.362038612,3.14159274,0.789005399,0.976858675,0.910688579,1,201,249,232,255
356,-0.394370437,0,0.302814782,0.5,0.278862029,3.14159274,0.798820376,0.978356242,0.899358869,1,203,249,229,255
357,-0.296296239,0,0.351851881,0.5,0.209513083,3.14159274,0.807003736,0.979604781,0.889912724,1,205,249,226,255
358,-0.215999961,0,0.39200002,0.5,0.15273504,3.14159274,0.813703537,0.980627,0.882178903,1,207,250,224,255
359,-0.151703656,0,0.424148172,0.5,0.107270688,3.14159274,0.819068372,0.981445551,0.87598604,1,208,250,223,255
360,-0.101629615,0,0.449185193,0.5,0.0718629882,3.14159274,0.823246479,0.982082963,0.87116313,1,209,250,222,255
361,-0.0640000105,0,0.467999995,0.5,0.0452548414,3.14159274,0.826386333,0.982562065,0.86753881,1,210,250,221,255
362,-0.037037015,0,0.481481493,0.5,0.0261891242,3.14159274,0.828636169,0.982905269,0.864941716,1,211,250,220,255
363,-0.0189629793,0,0.49051851,0.5,0.0134088518,3.14159274,0.830144167,0.983135402,0.863200903,1,211,250,220,255
364,-0.00800001621,0,0.495999992,0.5,0.00565686589,3.14159274,0.831058979,0.983274937,0.862145066,1,211,250,219,255
365,-0.00237035751,0,0.498814821,0.5,0.00167609588,3.14159274,0.831528664,0.983346641,0.861602783,1,212,250,219,255
366,-0.000296294689,0,0.499851853,0.5,0.000209511985,3.14159274,0.831701756,0.983373046,0.861403048,1,212,250,219,255
367,0,0,0.5,0.5,0,3.92699099,0.831726432,0.983376801,0.861374497,1,212,250,219,255
368,0,0,0.5,0.5,0,5.49778748,0.831726432,0.983376801,0.861374497,1,212,250,219,255
369,0.000296354294,0,0.500148177,0.5,0.000209554128,6.28318548,0.831751227,0.983380556,0.861345947,1,212,250,219,255
370,0.00237035751,0,0.501185179,0.5,0.00167609588,6.28318548,0.8319242,0.983407021,0.861146212,1,212,250,219,255
371,0.00800001621,0,0.504000008,0.5,0.00565686589,6.28318548,0.832393944,0.983478665,0.860603929,1,212,250,219,255
372,0.0189629793,0,0.50948149,0.5,0.0134088518,6.28318548,0.833308697,0.9836182,0.859547973,1,212,250,219,255
373,0.037037015,0,0.518518507,0.5,0.0261891242,6.28318548,0.834816813,0.983848333,0.857807159,1,212,250,218,255
374,0.0640000105,0,0.532000005,0.5,0.0452548414,6.28318548,0.837066591,0.984191597,0.855210185,1,213,250,218,255
375,0.101629615,0,0.550814807,0.5,0.0718629882,6.28318548,0.840206385,0.984670639,0.851585865,1,214,251,217,255
376,0.151703835,0,0.575851917,0.5,0.107270814,6.28318548,0.844384551,0.985308111,0.846762896,1,215,251,215,255
377,0.216000199,0,0.6080001,0.5,0.152735204,6.28318548,0.849749446,0.986126602,0.840570092,1,216,251,214,255
378,0.296296358,0,0.648148179,0.5,0.209513173,6.28318548,0.856449246,0.987148881,0.832836211,1,218,251,212,255
379,0.394370556,0,0.697185278,0.5,0.278862089,6.28318548,0.864632487,0.988397419,0.823390067,1,220,252,209,255
380,0.512000084,0,0.756000042,0.5,0.362038732,6.28318548,0.874447465,0.989894927,0.812060356,1,222,252,207,255
381,0.650963306,0,0.825481653,0.5,0.460300565,6.28318548,0.886042476,0.991664052,0.798675895,1,225,252,203,255
382,0.813037157,0,0.906518579,0.5,0.574904084,6.28318548,0.899565816,0.993727326,0.783065498,1,229,253,199,255
383,1,0,1,0.5,0.707106769,6.28318548,0.915165901,0.996107459,0.765057862,1,233,254,195,255
384,-1,0,0,0.5,0.707106769,3.14159274,0.748286963,0.970646143,0.957691073,1,190,247,244,255
385,-0.813037038,0,0.0934814811,0.5,0.574904025,3.14159274,0.763887048,0.973026335,0.939683437,1,194,248,239,255
386,-0.650963008,0,0.174518496,0.5,0.460300356,3.14159274,0.777410448,0.97508961,0.92407304,1,198,248,235,255
387,-0.511999905,0,0.244000047,0.5,0.362038612,3.14159274,0.789005399,0.976858675,0.910688579,1,201,249,232,255
388,-0.394370437,0,0.302814782,0.5,0.278862029,3.14159274,0.798820376,0.978356242,0.899358869,1,203,249,229,255
389,-0.296296239,0,0.351851881,0.5,0.209513083,3.14159274,0.807003736,0.979604781,0.889912724,1,205,249,226,255
390,-0.215999961,0,0.39200002,0.5,0.15273504,3.14159274,0.813703537,0.980627,0.882178903,1,207,250,224,255
391,-0.151703656,0,0.424148172,0.5,0.107270688,3.14159274,0.819068372,0.981445551,0.87598604,1,208,250,223,255
392,-0.101629615,0,0.449185193,0.5,0.0718629882,3.14159274,0.823246479,0.982082963,0.87116313,1,209,250,222,255
393,-0.0640000105,0,0.467999995,0.5,0.0452548414,3.14159274,0.826386333,0.982562065,0.86753881,1,210,250,221,255
394,-0.037037015,0,0.481481493,0.5,0.0261891242,3.14159274,0.828636169,0.982905269,0.864941716,1,211,250,220,255
395,-0.0189629793,0,0.49051851,0.5,0.0134088518,3.14159274,0.830144167,0.983135402,0.863200903,1,211,250,220,255
396,-0.00800001621,0,0.495999992,0.5,0.00565686589,3.14159274,0.831058979,0.983274937,0.862145066,1,211,250,219,255
397,-0.00237035751,0,0.498814821,0.5,0.00167609588,3.14159274,0.831528664,0.983346641,0.861602783,1,212,250,219,255
398,-0.000296294689,0,0.499851853,0.5,0.000209511985,3.14159274,0.831701756,0.983373046,0.861403048,1,212,250,219,255
399,0,0,0.5,0.5,0,2.3561945,0.831726432,0.983376801,0.861374497,1,212,250,219,255
400,0,0,0.5,0.5,0,0.785398185,0.831726432,0.983376801,0.861374497,1,212,250,219,255
401,0.000296354294,0,0.500148177,0.5,0.000209554128,0,0.831751227,0.983380556,0.861345947,1,212,250,219,255
402,0.00237035751,0,0.501185179,0.5,0.00167609588,0,0.8319242,0.983407021,0.861146212,1,212,250,219,255
403,0.00800001621,0,0.504000008,0.5,0.00565686589,0,0.832393944,0.983478665,0.860603929,1,212,250,219,255
404,0.0189629793,0,0.50948149,0.5,0.0134088518,0,0.833308697,0.9836182,0.859547973,1,212,250,219,255
405,0.037037015,0,0.518518507,0.5,0.0261891242,0,0.834816813,0.983848333,0.857807159,1,212,250,218,255
406,0.0640000105,0,0.532000005,0.5,0.0452548414,0,0.837066591,0.984191597,0.855210185,1,213,250,218,255
407,0.101629615,0,0.550814807,0.5,0.0718629882,0,0.840206385,0.984670639,0.851585865,1,214,251,217,255
408,0.151703835,0,0.575851917,0.5,0.107270814,0,0.844384551,0.985308111,0.846762896,1,215,251,215,255
409,0.216000199,0,0.6080001,0.5,0.152735204,0,0.849749446,0.986126602,0.840570092,1,216,251,214,255
410,0.296296358,0,0.648148179,0.5,0.209513173,0,0.856449246,0.987148881,0.832836211,1,218,251,212,255
411,0.394370556,0,0.697185278,0.5,0.278862089,0,0.864632487,0.988397419,0.823390067,1,220,252,209,255
412,0.512000084,0,0.756000042,0.5,0.362038732,0,0.874447465,0.989894927,0.812060356,1,222,252,207,255
413,0.650963306,0,0.825481653,0.5,0.460300565,0,0.886042476,0.991664052,0.798675895,1,225,252,203,255
414,0.813037157,0,0.906518579,0.5,0.574904084,0,0.899565816,0.993727326,0.783065498,1,229,253,199,255
415,1,0,1,0.5,0.707106769,0,0.915165901,0.996107459,0.765057862,1,233,254,195,255
416,-1,-0.000751256943,0,0.500375628,0.707106948,3.14084148,0.748322546,0.970624089,0.957722902,1,190,247,244,255
417,-0.813037038,-0.000751256943,0.0934814811,0.500375628,0.574904263,3.14066863,0.763925254,0.97300601,0.939707875,1,194,248,239,255
418,-0.650963008,-0.000751256943,0.174518496,0.500375628,0.460300654,3.14043856,0.777450979,0.975070953,0.924091101,1,198,248,235,255
419,-0.511999905,-0.000751256943,0.244000047,0.500375628,0.362039,3.14012527,0.789047897,0.976841271,0.910701156,1,201,249,232,255
420,-0.394370437,-0.000751256943,0.302814782,0.500375628,0.278862506,3.13968778,0.798864484,0.978339911,0.899366856,1,203,249,229,255
421,-0.296296239,-0.000751256943,0.351851881,0.500375628,0.209513754,3.13905716,0.807049096,0.979589462,0.889916837,1,205,249,226,255
422,-0.215999961,-0.000751256943,0.39200002,0.500375628,0.152735963,3.13811469,0.813750148,0.980612457,0.882179797,1,207,250,224,255
423,-0.151703656,-0.000751256943,0.424148172,0.500375628,0.107271999,3.13664055,0.819115937,0.981431603,0.87598443,1,208,250,223,255
424,-0.101629615,-0.000751256943,0.449185193,0.500375628,0.0718649551,3.13420057,0.823294759,0.982069552,0.871159554,1,209,250,222,255
425,-0.0640000105,-0.000751256943,0.467999995,0.500375628,0.0452579595,3.12985492,0.82643503,0.982548952,0.867533743,1,210,250,221,255
426,-0.037037015,-0.000751256943,0.481481493,0.500375628,0.026194511,3.12131143,0.828685224,0.982892454,0.864935637,1,211,250,220,255
427,-0.0189629793,-0.000751256943,0.49051851,0.500375628,0.0134193702,3.10199642,0.830193579,0.983122706,0.863194108,1,211,250,220,255
428,-0.00800001621,-0.000751256943,0.495999992,0.500375628,0.00568175362,3.04796028,0.831108451,0.98326236,0.862137794,1,211,250,219,255
429,-0.00237035751,-0.000751256943,0.498814821,0.500375628,0.00175826368,2.83466959,0.831578314,0.983334124,0.861595333,1,212,250,219,255
430,-0.000296294689,-0.000751256943,0.499851853,0.500375628,0.000571041834,1.94646466,0.831751347,0.983360589,0.861395538,1,212,250,219,255
431,0,-0.000751256943,0.5,0.500375628,0.000531218888,1.57079637,0.831776142,0.983364344,0.861366928,1,212,250,219,255
432,0,-0.000751256943,0.5,0.500375628,0.000531218888,1.57079637,0.831776142,0.983364344,0.861366928,1,212,250,219,255
433,0.000296354294,-0.000751256943,0.500148177,0.500375628,0.000571057317,1.19505942,0.831800818,0.983368099,0.861338377,1,212,250,219,255
434,0.00237035751,-0.000751256943,0.501185179,0.500375628,0.00175826368,0.306923121,0.831973851,0.983394563,0.861138582,1,212,250,219,255
435,0.00800001621,-0.000751256943,0.504000008,0.500375628,0.00568175362,0.0936323404,0.832443714,0.983466268,0.860596061,1,212,250,219,255
436,0.0189629793,-0.000751256943,0.50948149,0.500375628,0.0134193702,0.0395963229,0.833358645,0.983605921,0.859539747,1,212,250,219,255
437,0.037037015,-0.000751256943,0.518518507,0.500375628,0.026194511,0.0202811677,0.834867001,0.983836234,0.857798219,1,212,250,218,255
438,0.0640000105,-0.000751256943,0.532000005,0.500375628,0.0452579595,0.0117378486,0.837117136,0.984179735,0.855200171,1,213,250,218,255
439,0.101629615,-0.000751256943,0.550814807,0.500375628,0.0718649551,0.007391972,0.840257466,0.984659135,0.851574302,1,214,251,217,255
440,0.151703835,-0.000751256943,0.575851917,0.500375628,0.107272126,0.00495208846,0.844436347,0.985297024,0.846749365,1,215,251,215,255
441,0.216000199,-0.000751256943,0.6080001,0.500375628,0.152736142,0.00347802415,0.849802077,0.986116171,0.840554059,1,216,251,214,255
442,0.296296358,-0.000751256943,0.648148179,0.500375628,0.209513843,0.00253548613,0.856503069,0.987139225,0.832817018,1,218,251,212,255
443,0.394370556,-0.000751256943,0.697185278,0.500375628,0.278862596,0.00190494955,0.864687741,0.988388658,0.823367,1,220,252,209,255
444,0.512000084,-0.000751256943,0.756000042,0.500375628,0.362039119,0.00146729744,0.874504328,0.989887297,0.8120327,1,222,252,207,255
445,0.650963306,-0.000751256943,0.825481653,0.500375628,0.460300863,0.00115406909,0.886101305,0.991657734,0.798642755,1,225,252,203,255
446,0.813037157,-0.000751256943,0.906518579,0.500375628,0.574904323,0.000924012798,0.899626911,0.993722618,0.78302598,1,229,253,199,255
447,1,-0.000751256943,1,0.500375628,0.707106948,0.000751256826,0.915229619,0.996104538,0.765011013,1,233,254,195,255
448,-1,-0.00601053238,0,0.503005266,0.707119524,3.13558221,0.748571634,0.970469713,0.957945406,1,190,247,244,255
449,-0.813037038,-0.00601053238,0.0934814811,0.503005266,0.57491976,3.1342001,0.76419282,0.972864151,0.939878941,1,194,248,239,255
450,-0.650963008,-0.00601053238,0.174518496,0.503005266,0.460319996,3.1323595,0.777734458,0.974939883,0.924217522,1,198,248,235,255
451,-0.511999905,-0.00601053238,0.244000047,0.503005266,0.362063557,3.12985396,0.789345026,0.976719618,0.910789311,1,201,249,232,255
452,-0.394370437,-0.00601053238,0.302814782,0.503005266,0.278894395,3.12635303,0.799173236,0.978226125,0.899422646,1,203,249,229,255
453,-0.296296239,-0.00601053238,0.351851881,0.503005266,0.209556177,3.12131,0.807367563,0.979482174,0.889945567,1,205,249,226,255
454,-0.215999961,-0.00601053238,0.39200002,0.503005266,0.152794167,3.11377335,0.814076483,0.980510592,0.882186413,1,207,250,224,255
455,-0.151703656,-0.00601053238,0.424148172,0.503005266,0.107354842,3.10199308,0.819448531,0.981333971,0.875973344,1,208,250,223,255
456,-0.101629615,-0.00601053238,0.449185193,0.503005266,0.0719885603,3.08252001,0.82363236,0.981975317,0.871134698,1,210,250,222,255
457,-0.0640000105,-0.00601053238,0.467999995,0.503005266,0.0454539768,3.04795265,0.826776445,0.982457221,0.867498457,1,210,250,221,255
458,-0.037037015,-0.00601053238,0.481481493,0.503005266,0.0265317447,2.98071074,0.829029202,0.98280251,0.86489296,1,211,250,220,255
459,-0.0189629793,-0.00601053238,0.49051851,0.503005266,0.014066291,2.83464861,0.830539346,0.983034015,0.863146544,1,211,250,220,255
460,-0.00800001621,-0.00601053238,0.495999992,0.503005266,0.00707554771,2.49725056,0.83145535,0.983174443,0.862087131,1,212,250,219,255
461,-0.00237035751,-0.00601053238,0.498814821,0.503005266,0.00456864852,1.94643748,0.83192569,0.983246505,0.861543179,1,212,250,219,255
462,-0.000296294689,-0.00601053238,0.499851853,0.503005266,0.00425524916,1.62005234,0.83209902,0.983273149,0.861342728,1,212,250,219,255
463,0,-0.00601053238,0.5,0.503005266,0.00425008824,1.57079637,0.832123697,0.983276904,0.861314058,1,212,250,219,255
464,0,-0.00601053238,0.5,0.503005266,0.00425008824,1.57079637,0.832123697,0.983276904,0.861314058,1,212,250,219,255
465,0.000296354294,-0.00601053238,0.500148177,0.503005266,0.00425525149,1.52153039,0.832148492,0.983280718,0.861285508,1,212,250,219,255
466,0.00237035751,-0.00601053238,0.501185179,0.503005266,0.00456864852,1.19515514,0.832321763,0.983307242,0.861085057,1,212,250,219,255
467,0.00800001621,-0.00601053238,0.504000008,0.503005266,0.00707554771,0.644342184,0.832792163,0.983379364,0.860541046,1,212,250,219,255
468,0.0189629793,-0.00601053238,0.50948149,0.503005266,0.014066291,0.306944162,0.833708167,0.983519793,0.859481633,1,212,250,219,255
469,0.037037015,-0.00601053238,0.518518507,0.503005266,0.0265317447,0.160881922,0.835218251,0.983751297,0.857735157,1,212,250,218,255
470,0.0640000105,-0.00601053238,0.532000005,0.503005266,0.0454539768,0.0936398953,0.837471068,0.984096587,0.855129659,1,213,250,218,255
471,0.101629615,-0.00601053238,0.550814807,0.503005266,0.0719885603,0.0590727367,0.840615094,0.98457849,0.851493478,1,214,251,217,255
472,0.151703835,-0.00601053238,0.575851917,0.503005266,0.107354969,0.0395994633,0.844798863,0.985219777,0.846654773,1,215,251,215,255
473,0.216000199,-0.00601053238,0.6080001,0.503005266,0.152794331,0.0278193336,0.85017097,0.986043215,0.840441704,1,216,251,214,255
474,0.296296358,-0.00601053238,0.648148179,0.503005266,0.209556267,0.0202827603,0.85687989,0.987071633,0.83268255,1,218,251,212,255
475,0.394370556,-0.00601053238,0.697185278,0.503005266,0.278894484,0.0152396448,0.865074158,0.988327682,0.82320559,1,220,252,209,255
476,0.512000084,-0.00601053238,0.756000042,0.503005266,0.362063676,0.01173878,0.874902427,0.989834189,0.811838806,1,223,252,207,255
477,0.650963306,-0.00601053238,0.825481653,0.503005266,0.460320204,0.00923302677,0.886513054,0.991613925,0.798410654,1,226,252,203,255
478,0.813037157,-0.00601053238,0.906518579,0.503005266,0.57491976,0.00739255641,0.900054634,0.993689597,0.782749236,1,229,253,199,255
479,1,-0.00601053238,1,0.503005266,0.707119524,0.0060104602,0.915675759,0.996084094,0.76468277,1,233,254,194,255
480,-1,-0.0202854872,0,0.510142744,0.707252264,3.12131,0.74924767,0.970050693,0.95854938,1,191,247,244,255
481,-0.813037038,-0.0202854872,0.0934814811,0.510142744,0.575082898,3.11664748,0.764918804,0.972479105,0.940343142,1,195,247,239,255
482,-0.650963008,-0.0202854872,0.174518496,0.510142744,0.460523784,3.11044049,0.778503835,0.974584341,0.924560606,1,198,248,235,255
483,-0.511999905,-0.0202854872,0.244000047,0.510142744,0.362322628,3.10199332,0.790151596,0.976389289,0.911028504,1,201,248,232,255
484,-0.394370437,-0.0202854872,0.302814782,0.510142744,0.279230684,3.09020019,0.800011277,0.977917135,0.899573863,1,204,249,229,255
485,-0.296296239,-0.0202854872,0.351851881,0.510142744,0.210003525,3.07323575,0.808231831,0.979191005,0.890023589,1,206,249,226,255
486,-0.215999961,-0.0202854872,0.39200002,0.510142744,0.153407112,3.04795289,0.814962208,0.980234027,0.882204413,1,207,249,224,255
487,-0.151703656,-0.0202854872,0.424148172,0.510142744,0.108225457,3.00866342,0.820351481,0.981069088,0.875943303,1,209,250,223,255
488,-0.101629615,-0.0202854872,0.449185193,0.510142744,0.073280558,2.9445796,0.824548721,0.981719553,0.871067166,1,210,250,222,255
489,-0.0640000105,-0.0202854872,0.467999995,0.510142744,0.0474736877,2.83464909,0.82770282,0.982208371,0.867402852,1,211,250,221,255
490,-0.037037015,-0.0202854872,0.481481493,0.510142744,0.0298600178,2.64051056,0.82996279,0.982558489,0.864777207,1,211,250,220,255
491,-0.0189629793,-0.0202854872,0.49051851,0.510142744,0.0196353719,2.32251143,0.831477761,0.982793272,0.863017201,1,212,250,220,255
492,-0.00800001621,-0.0202854872,0.495999992,0.510142744,0.0154191637,1.94644105,0.832396686,0.982935727,0.861949682,1,212,250,219,255
493,-0.00237035751,-0.0202854872,0.498814821,0.510142744,0.0144415991,1.68711877,0.832868516,0.983008862,0.861401439,1,212,250,219,255
494,-0.000296294689,-0.0202854872,0.499851853,0.510142744,0.0143455351,1.58540154,0.833042443,0.983035743,0.861199498,1,212,250,219,255
495,0,-0.0202854872,0.5,0.510142744,0.0143440058,1.57079637,0.833067238,0.983039558,0.86117065,1,212,250,219,255
496,0,-0.0202854872,0.5,0.510142744,0.0143440058,1.57079637,0.833067238,0.983039558,0.86117065,1,212,250,219,255
497,0.000296354294,-0.0202854872,0.500148177,0.510142744,0.014345536,1.55618823,0.833092093,0.983043492,0.861141741,1,212,250,219,255
498,0.00237035751,-0.0202854872,0.501185179,0.510142744,0.0144415991,1.45447385,0.833265901,0.983070374,0.860939801,1,212,250,219,255
499,0.00800001621,-0.0202854872,0.504000008,0.510142744,0.0154191637,1.19515157,0.833737791,0.983143508,0.860391557,1,212,250,219,255
500,0.0189629793,-0.0202854872,0.50948149,0.510142744,0.0196353719,0.819081187,0.834656715,0.983285904,0.859324038,1,212,250,219,255
501,0.037037015,-0.0202854872,0.518518507,0.510142744,0.0298600178,0.501082182,0.836171627,0.983520687,0.857564032,1,213,250,218,255
502,0.0640000105,-0.0202854872,0.532000005,0.510142744,0.0474736877,0.306943506,0.838431716,0.983870924,0.854938388,1,213,250,218,255
503,0.101629615,-0.0202854872,0.550814807,0.510142744,0.073280558,0.197012961,0.841585815,0.984359682,0.851274073,1,214,251,217,255
504,0.151703835,-0.0202854872,0.575851917,0.510142744,0.108225584,0.132929161,0.845782936,0.985010087,0.846397877,1,215,251,215,255
505,0.216000199,-0.0202854872,0.6080001,0.510142744,0.153407276,0.0936395526,0.851172328,0.985845208,0.840136826,1,217,251,214,255
506,0.296296358,-0.0202854872,0.648148179,0.510142744,0.210003614,0.0683568344,0.857902646,0.98688817,0.83231765,1,218,251,212,255
507,0.394370556,-0.0202854872,0.697185278,0.510142744,0.279230773,0.0513923392,0.866123199,0.988162041,0.822767317,1,220,251,209,255
508,0.512000084,-0.0202854872,0.756000042,0.510142744,0.362322807,0.0395993739,0.875982881,0.989689946,0.811312735,1,223,252,206,255
509,0.650963306,-0.0202854872,0.825481653,0.510142744,0.460523993,0.0311521776,0.887630641,0.991494954,0.797780633,1,226,252,203,255
510,0.813037157,-0.0202854872,0.906518579,0.510142744,0.575083017,0.0249450821,0.901215672,0.99360007,0.781998098,1,229,253,199,255
511,1,-0.0202854872,1,0.510142744,0.707252264,0.0202827062,0.916886806,0.996028543,0.763791859,1,233,253,194,255
512,-1,-0.0480841398,0,0.52404207,0.70792377,3.09354544,0.750564158,0.969234705,0.959725499,1,191,247,244,255
513,-0.813037038,-0.0480841398,0.0934814811,0.52404207,0.575908542,3.08252001,0.766332686,0.971729338,0.941247165,1,195,247,240,255
514,-0.650963008,-0.0480841398,0.174518496,0.52404207,0.461554408,3.06786036,0.780002117,0.973891854,0.925228715,1,198,248,235,255
515,-0.511999905,-0.0480841398,0.244000047,0.52404207,0.363631666,3.04795289,0.791722298,0.975745916,0.911494315,1,201,248,232,255
516,-0.394370437,-0.0480841398,0.302814782,0.52404207,0.280927181,3.0202651,0.801643252,0.977315485,0.899868548,1,204,249,229,255
517,-0.296296239,-0.0480841398,0.351851881,0.52404207,0.212254047,2.98071122,0.809914887,0.978624105,0.890175521,1,206,249,226,255
518,-0.215999961,-0.0480841398,0.39200002,0.52404207,0.156473756,2.92255259,0.816687047,0.979695499,0.882239461,1,208,249,224,255
519,-0.151703656,-0.0480841398,0.424148172,0.52404207,0.112530179,2.83464885,0.822109878,0.980553389,0.875884712,1,209,250,223,255
520,-0.101629615,-0.0480841398,0.449185193,0.52404207,0.0795005187,2.69967031,0.826333165,0.981221497,0.870935798,1,210,250,222,255
521,-0.0640000105,-0.0480841398,0.467999995,0.52404207,0.0566042662,2.4972508,0.829506874,0.981723607,0.867216647,1,211,250,221,255
522,-0.037037015,-0.0480841398,0.481481493,0.52404207,0.0429175086,2.2271347,0.83178091,0.982083321,0.864551842,1,212,250,220,255
523,-0.0189629793,-0.0480841398,0.49051851,0.52404207,0.0365491398,1.94644058,0.83330524,0.982324481,0.862765431,1,212,250,220,255
524,-0.00800001621,-0.0480841398,0.495999992,0.52404207,0.0344679914,1.73566151,0.834229887,0.98247081,0.861681938,1,212,250,219,255
525,-0.00237035751,-0.0480841398,0.498814821,0.52404207,0.0340419114,1.62005246,0.834704697,0.982545912,0.861125588,1,212,250,219,255
526,-0.000296294689,-0.0480841398,0.499851853,0.52404207,0.0340012684,1.5769583,0.834879577,0.982573628,0.860920548,1,212,250,219,255
527,0,-0.0480841398,0.5,0.52404207,0.0340006202,1.57079637,0.834904671,0.982577503,0.860891223,1,212,250,219,255
528,0,-0.0480841398,0.5,0.52404207,0.0340006202,1.57079637,0.834904671,0.982577503,0.860891223,1,212,250,219,255
529,0.000296354294,-0.0480841398,0.500148177,0.52404207,0.0340012684,1.56463313,0.834929585,0.982581437,0.860862017,1,212,250,219,255
530,0.00237035751,-0.0480841398,0.501185179,0.52404207,0.0340419114,1.52154016,0.835104525,0.982609093,0.860656977,1,212,250,219,255
531,0.00800001621,-0.0480841398,0.504000008,0.52404207,0.0344679914,1.40593112,0.835579336,0.982684255,0.860100627,1,213,250,219,255
532,0.0189629793,-0.0480841398,0.50948149,0.52404207,0.0365491398,1.19515216,0.836503983,0.982830524,0.859017134,1,213,250,219,255
533,0.037037015,-0.0480841398,0.518518507,0.52404207,0.0429175086,0.914457977,0.838028371,0.983071685,0.857230723,1,213,250,218,255
534,0.0640000105,-0.0480841398,0.532000005,0.52404207,0.0566042662,0.644341886,0.840302408,0.983431399,0.854565918,1,214,250,217,255
535,0.101629615,-0.0480841398,0.550814807,0.52404207,0.0795005187,0.441922456,0.843476117,0.983933568,0.850846767,1,215,250,216,255
536,0.151703835,-0.0480841398,0.575851917,0.52404207,0.112530306,0.306943446,0.847699404,0.984601617,0.845897734,1,216,251,215,255
537,0.216000199,-0.0480841398,0.6080001,0.52404207,0.15647392,0.219039932,0.853122175,0.985459566,0.839543045,1,217,251,214,255
538,0.296296358,-0.0480841398,0.648148179,0.52404207,0.212254122,0.1608814,0.859894335,0.98653096,0.831607044,1,219,251,212,255
539,0.394370556,-0.0480841398,0.697185278,0.52404207,0.280927241,0.121327437,0.86816597,0.98783952,0.821913958,1,221,251,209,255
540,0.512000084,-0.0480841398,0.756000042,0.52404207,0.363631815,0.0936396718,0.878086925,0.98940897,0.810288191,1,223,252,206,255
541,0.650963306,-0.0480841398,0.825481653,0.52404207,0.461554617,0.0737322271,0.889807105,0.991263211,0.79655385,1,226,252,203,255
542,0.813037157,-0.0480841398,0.906518579,0.52404207,0.575908661,0.0590725727,0.903476536,0.993425727,0.7805354,1,230,253,199,255
543,1,-0.0480841398,1,0.52404207,0.70792377,0.0480471328,0.919245064,0.9959203,0.762057066,1,234,253,194,255
544,-1,-0.0939143896,0,0.546957195,0.710218251,3.04795289,0.752734601,0.967889369,0.961664557,1,191,246,245,255
545,-0.813037038,-0.0939143896,0.0934814811,0.546957195,0.578726709,3.02659178,0.768663704,0.970493078,0.94273752,1,196,247,240,255
546,-0.650963008,-0.0939143896,0.174518496,0.546957195,0.465065986,2.99831128,0.782472312,0.972750127,0.926330209,1,199,248,236,255
547,-0.511999905,-0.0939143896,0.244000047,0.546957195,0.368078679,2.96018267,0.794311762,0.974685431,0.91226238,1,202,248,232,255
548,-0.394370437,-0.0939143896,0.302814782,0.546957195,0.286660045,2.9078095,0.804333806,0.976323545,0.900354326,1,205,248,229,255
549,-0.296296239,-0.0939143896,0.351851881,0.546957195,0.219785556,2.83464885,0.812689602,0.977689385,0.89042592,1,207,249,227,255
550,-0.215999961,-0.0939143896,0.39200002,0.546957195,0.166547135,2.73146009,0.819530785,0.978807569,0.882297218,1,208,249,224,255
551,-0.151703656,-0.0939143896,0.424148172,0.546957195,0.126162425,2.58727288,0.82500875,0.97970295,0.875788152,1,210,249,223,255
552,-0.101629615,-0.0939143896,0.449185193,0.546957195,0.0978480726,2.39562917,0.829275072,0.980400324,0.870719075,1,211,250,222,255
553,-0.0640000105,-0.0939143896,0.467999995,0.546957195,0.0803614184,2.16897869,0.832481086,0.980924428,0.866909683,1,212,250,221,255
554,-0.037037015,-0.0939143896,0.481481493,0.546957195,0.0713850558,1.94643986,0.834778249,0.981299818,0.864180088,1,212,250,220,255
555,-0.0189629793,-0.0939143896,0.49051851,0.546957195,0.0677477196,1.77003515,0.836318135,0.981551528,0.862350404,1,213,250,219,255
556,-0.00800001621,-0.0939143896,0.495999992,0.546957195,0.0666480064,1.65577531,0.8372522,0.981704235,0.861240566,1,213,250,219,255
557,-0.00237035751,-0.0939143896,0.498814821,0.546957195,0.0664286464,1.59603047,0.837731898,0.981782615,0.860670686,1,213,250,219,255
558,-0.000296294689,-0.0939143896,0.499851853,0.546957195,0.066407837,1.57395124,0.837908566,0.981811523,0.860460699,1,213,250,219,255
559,0,-0.0939143896,0.5,0.546957195,0.0664075017,1.57079637,0.837933779,0.981815636,0.860430717,1,213,250,219,255
560,0,-0.0939143896,0.5,0.546957195,0.0664075017,1.57079637,0.837933779,0.981815636,0.860430717,1,213,250,219,255
561,0.000296354294,-0.0939143896,0.500148177,0.546957195,0.066407837,1.56764078,0.837959111,0.981819749,0.860400736,1,213,250,219,255
562,0.00237035751,-0.0939143896,0.501185179,0.546957195,0.0664286464,1.54556215,0.838135779,0.981848657,0.860190749,1,213,250,219,255
563,0.00800001621,-0.0939143896,0.504000008,0.546957195,0.0666480064,1.48581731,0.838615417,0.981927037,0.859620869,1,213,250,219,255
564,0.0189629793,-0.0939143896,0.50948149,0.546957195,0.0677477196,1.37155747,0.839549422,0.982079744,0.858510971,1,214,250,218,255
565,0.037037015,-0.0939143896,0.518518507,0.546957195,0.0713850558,1.19515288,0.841089368,0.982331455,0.856681347,1,214,250,218,255
566,0.0640000105,-0.0939143896,0.532000005,0.546957195,0.0803614184,0.972613931,0.843386531,0.982706964,0.853951752,1,215,250,217,255
567,0.101629615,-0.0939143896,0.550814807,0.546957195,0.0978480726,0.745963454,0.846592546,0.983230948,0.850142419,1,215,250,216,255
568,0.151703835,-0.0939143896,0.575851917,0.546957195,0.126162529,0.554319382,0.850858867,0.983928323,0.845073164,1,216,250,215,255
569,0.216000199,-0.0939143896,0.6080001,0.546957195,0.166547284,0.410132259,0.856336832,0.984823763,0.838564157,1,218,251,213,255
570,0.296296358,-0.0939143896,0.648148179,0.546957195,0.219785646,0.306943804,0.863178015,0.985942006,0.830435514,1,220,251,211,255
571,0.394370556,-0.0939143896,0.697185278,0.546957195,0.286660135,0.233783111,0.871533871,0.987307727,0.820507109,1,222,251,209,255
572,0.512000084,-0.0939143896,0.756000042,0.546957195,0.368078798,0.181409925,0.881555796,0.988945961,0.808598995,1,224,252,206,255
573,0.650963306,-0.0939143896,0.825481653,0.546957195,0.465066195,0.143281251,0.893395364,0.990881145,0.794531226,1,227,252,202,255
574,0.813037157,-0.0939143896,0.906518579,0.546957195,0.578726768,0.115000911,0.907203972,0.993138254,0.778123856,1,231,253,198,255
575,1,-0.0939143896,1,0.546957195,0.710218251,0.0936397389,0.923133016,0.995741904,0.759196877,1,235,253,193,255
576,-1,-0.162284017,0,0.581142008,0.716357529,2.98071122,0.755972445,0.96588248,0.964557171,1,192,246,245,255
577,-0.813037038,-0.162284017,0.0934814811,0.581142008,0.586244524,2.9445796,0.772141099,0.968648911,0.944960892,1,196,247,240,255
578,-0.650963008,-0.162284017,0.174518496,0.581142008,0.47438854,2.89727449,0.78615725,0.971047103,0.92797339,1,200,247,236,255
579,-0.511999905,-0.162284017,0.244000047,0.581142008,0.379789442,2.83464885,0.798174798,0.973103225,0.91340816,1,203,248,232,255
580,-0.394370437,-0.162284017,0.302814782,0.581142008,0.301549464,2.75121069,0.808347464,0.9748438,0.901078999,1,206,248,229,255
581,-0.296296239,-0.162284017,0.351851881,0.581142008,0.238880277,2.64051032,0.816828966,0.976294935,0.890799522,1,208,248,227,255
582,-0.215999961,-0.162284017,0.39200002,0.581142008,0.191039383,2.49725056,0.823773026,0.977483034,0.882383287,1,210,249,225,255
583,-0.151703656,-0.162284017,0.424148172,0.581142008,0.157082945,2.32251048,0.829333365,0.978434443,0.875644207,1,211,249,223,255
584,-0.101629615,-0.162284017,0.449185193,0.581142008,0.135396972,2.13029075,0.833663821,0.979175329,0.87039578,1,212,249,221,255
585,-0.0640000105,-0.162284017,0.467999995,0.581142008,0.123353362,1.94644022,0.836918056,0.979732156,0.86645174,1,213,249,220,255
586,-0.037037015,-0.162284017,0.481481493,0.581142008,0.117702685,1.79517674,0.83924979,0.98013109,0.863625586,1,214,249,220,255
587,-0.0189629793,-0.162284017,0.49051851,0.581142008,0.11553289,1.68711936,0.840812802,0.980398536,0.861731231,1,214,250,219,255
588,-0.00800001621,-0.162284017,0.495999992,0.581142008,0.114891477,1.62005281,0.841760933,0.98056078,0.860582113,1,214,250,219,255
589,-0.00237035751,-0.162284017,0.498814821,0.581142008,0.114764363,1.58540154,0.842247784,0.980644047,0.859992087,1,214,250,219,255
590,-0.000296294689,-0.162284017,0.499851853,0.581142008,0.114752322,1.57262206,0.842427135,0.980674803,0.859774709,1,214,250,219,255
591,0,-0.162284017,0.5,0.581142008,0.114752129,1.57079637,0.842452824,0.980679154,0.859743595,1,214,250,219,255
592,0,-0.162284017,0.5,0.581142008,0.114752129,1.57079637,0.842452824,0.980679154,0.859743595,1,214,250,219,255
593,0.000296354294,-0.162284017,0.500148177,0.581142008,0.114752322,1.5689702,0.842478395,0.980683506,0.859712601,1,214,250,219,255
594,0.00237035751,-0.162284017,0.501185179,0.581142008,0.114764363,1.55619109,0.842657745,0.980714202,0.859495163,1,214,250,219,255
595,0.00800001621,-0.162284017,0.504000008,0.581142008,0.114891477,1.52153981,0.843144596,0.980797529,0.858905137,1,215,250,219,255
596,0.0189629793,-0.162284017,0.50948149,0.581142008,0.11553289,1.45447326,0.844092727,0.980959713,0.857756019,1,215,250,218,255
597,0.037037015,-0.162284017,0.518518507,0.581142008,0.117702685,1.34641588,0.845655739,0.981227219,0.855861664,1,215,250,218,255
598,0.0640000105,-0.162284017,0.532000005,0.581142008,0.123353362,1.19515252,0.847987473,0.981626093,0.853035569,1,216,250,217,255
599,0.101629615,-0.162284017,0.550814807,0.581142008,0.135396972,1.01130199,0.851241708,0.98218298,0.84909153,1,217,250,216,255
600,0.151703835,-0.162284017,0.575851917,0.581142008,0.15708302,0.819081545,0.855572164,0.982923806,0.843842983,1,218,250,215,255
601,0.216000199,-0.162284017,0.6080001,0.581142008,0.191039503,0.644341648,0.861132562,0.983875215,0.837103903,1,219,250,213,255
602,0.296296358,-0.162284017,0.648148179,0.581142008,0.238880351,0.501082182,0.868076563,0.985063374,0.828687787,1,221,251,211,255
603,0.394370556,-0.162284017,0.697185278,0.581142008,0.301549524,0.390381843,0.876558065,0.986514509,0.81840831,1,223,251,208,255
604,0.512000084,-0.162284017,0.756000042,0.581142008,0.379789561,0.306943715,0.886730731,0.988255024,0.80607909,1,226,252,205,255
605,0.650963306,-0.162284017,0.825481653,0.581142008,0.474388748,0.244318083,0.898748279,0.990311205,0.79151386,1,229,252,201,255
606,0.813037157,-0.162284017,0.906518579,0.581142008,0.586244643,0.19701305,0.912764549,0.992709339,0.774526358,1,232,253,197,255
607,1,-0.162284017,1,0.581142008,0.716357529,0.160881475,0.928933144,0.995475769,0.754930079,1,236,253,192,255
608,-1,-0.257701159,0,0.628850579,0.730208814,2.88937902,0.760491192,0.963081598,0.968594193,1,193,245,246,255
609,-0.813037038,-0.257701159,0.0934814811,0.628850579,0.603091657,2.83464861,0.77699405,0.966075182,0.94806391,1,198,246,241,255
610,-0.650963008,-0.257701159,0.174518496,0.628850579,0.495056927,2.76464581,0.791300118,0.968670189,0.930266619,1,201,247,237,255
611,-0.511999905,-0.257701159,0.244000047,0.628850579,0.405310869,2.67529035,0.803566098,0.970895112,0.915007174,1,204,247,233,255
612,-0.394370437,-0.257701159,0.302814782,0.628850579,0.333120048,2.56279635,0.813949108,0.972778618,0.902090311,1,207,248,230,255
613,-0.296296239,-0.257701159,0.351851881,0.628850579,0.277670085,2.42574859,0.822605908,0.974348903,0.891320884,1,209,248,227,255
614,-0.215999961,-0.257701159,0.39200002,0.628850579,0.237766564,2.26838803,0.829693496,0.975634515,0.882503569,1,211,248,225,255
615,-0.151703656,-0.257701159,0.424148172,0.628850579,0.211451992,2.10285115,0.835368872,0.976664007,0.87544322,1,213,249,223,255
616,-0.101629615,-0.257701159,0.449185193,0.628850579,0.195880666,1.94643986,0.839788795,0.977465808,0.869944692,1,214,249,221,255
617,-0.0640000105,-0.257701159,0.467999995,0.628850579,0.187757686,1.81422114,0.843110323,0.978068292,0.8658126,1,214,249,220,255
618,-0.037037015,-0.257701159,0.481481493,0.628850579,0.184094578,1.7135396,0.845490277,0.978500009,0.862851799,1,215,249,220,255
619,-0.0189629793,-0.257701159,0.49051851,0.628850579,0.182714909,1.64424908,0.847085655,0.97878933,0.860867083,1,216,249,219,255
620,-0.00800001621,-0.257701159,0.495999992,0.628850579,0.18231003,1.60183012,0.848053277,0.978964925,0.859663248,1,216,249,219,255
621,-0.00237035751,-0.257701159,0.498814821,0.628850579,0.182229951,1.5799942,0.8485502,0.979055047,0.859045029,1,216,249,219,255
622,-0.000296294689,-0.257701159,0.499851853,0.628850579,0.182222366,1.57194614,0.848733306,0.979088306,0.858817279,1,216,249,218,255
623,0,-0.257701159,0.5,0.628850579,0.182222247,1.57079637,0.848759472,0.979093015,0.858784795,1,216,249,218,255
624,0,-0.257701159,0.5,0.628850579,0.182222247,1.57079637,0.848759472,0.979093015,0.858784795,1,216,249,218,255
625,0.000296354294,-0.257701159,0.500148177,0.628850579,0.182222366,1.56964636,0.848785639,0.979097784,0.858752251,1,216,249,218,255
626,0.00237035751,-0.257701159,0.501185179,0.628850579,0.182229951,1.56159854,0.848968685,0.979130924,0.858524501,1,216,249,218,255
627,0.00800001621,-0.257701159,0.504000008,0.628850579,0.18231003,1.5397625,0.849465609,0.979221106,0.857906222,1,216,249,218,255
628,0.0189629793,-0.257701159,0.50948149,0.628850579,0.182714909,1.49734354,0.85043329,0.979396641,0.856702447,1,216,249,218,255
629,0.037037015,-0.257701159,0.518518507,0.628850579,0.184094578,1.42805302,0.852028608,0.979686022,0.854717731,1,217,249,217,255
630,0.0640000105,-0.257701159,0.532000005,0.628850579,0.187757686,1.32737148,0.854408622,0.980117738,0.85175693,1,217,249,217,255
631,0.101629615,-0.257701159,0.550814807,0.628850579,0.195880666,1.19515276,0.85773015,0.980720282,0.847624838,1,218,250,216,255
632,0.151703835,-0.257701159,0.575851917,0.628850579,0.211452052,1.03874099,0.862150133,0.981521964,0.84212625,1,219,250,214,255
633,0.216000199,-0.257701159,0.6080001,0.628850579,0.237766668,0.873203993,0.867825449,0.982551455,0.835065961,1,221,250,212,255
634,0.296296358,-0.257701159,0.648148179,0.628850579,0.277670145,0.715843797,0.874912977,0.983837187,0.826248646,1,223,250,210,255
635,0.394370556,-0.257701159,0.697185278,0.628850579,0.333120108,0.578796208,0.883569837,0.985407412,0.815479219,1,225,251,207,255
636,0.512000084,-0.257701159,0.756000042,0.628850579,0.405310988,0.466302067,0.893952847,0.9872908,0.802562356,1,227,251,204,255
637,0.650963306,-0.257701159,0.825481653,0.628850579,0.495057136,0.376946688,0.906218886,0.989515781,0.787302911,1,231,252,200,255
638,0.813037157,-0.257701159,0.906518579,0.628850579,0.603091717,0.306943893,0.920524836,0.992110908,0.76950568,1,234,252,196,255
639,1,-0.257701159,1,0.628850579,0.730208814,0.252213567,0.937027752,0.995104373,0.748975396,1,238,253,190,255
640,-1,-0.384673238,0,0.692336619,0.757619143,2.77436852,0.766504288,0.95935452,0.973966241,1,195,244,248,255
641,-0.813037038,-0.384673238,0.0934814811,0.692336619,0.63600421,2.69967008,0.783452034,0.962650239,0.952192962,1,199,245,242,255
642,-0.650963008,-0.384673238,0.174518496,0.692336619,0.53466171,2.60786939,0.798143625,0.965507269,0.933318317,1,203,246,237,255
643,-0.511999905,-0.384673238,0.244000047,0.692336619,0.4528341,2.49725032,0.810740292,0.967956841,0.917134941,1,206,246,233,255
644,-0.394370437,-0.384673238,0.302814782,0.692336619,0.389552027,2.36864138,0.821403146,0.970030427,0.903436124,1,209,247,230,255
645,-0.296296239,-0.384673238,0.351851881,0.692336619,0.343340188,2.2271347,0.830293298,0.97175926,0.892014682,1,211,247,227,255
646,-0.215999961,-0.384673238,0.39200002,0.692336619,0.311953098,2.08243752,0.837571979,0.973174691,0.882663548,1,213,248,225,255
647,-0.151703656,-0.384673238,0.424148172,0.692336619,0.292393148,1.94643998,0.84340024,0.974308133,0.875175774,1,215,248,223,255
648,-0.101629615,-0.384673238,0.449185193,0.692336619,0.281337917,1.82909179,0.847939312,0.975190818,0.869344294,1,216,248,221,255
649,-0.0640000105,-0.384673238,0.467999995,0.692336619,0.275743991,1.73566127,0.851350307,0.975854158,0.864962041,1,217,248,220,255
650,-0.037037015,-0.384673238,0.481481493,0.692336619,0.273262918,1.66678226,0.853794456,0.976329386,0.861822009,1,217,248,219,255
651,-0.0189629793,-0.384673238,0.49051851,0.692336619,0.272335351,1.62005281,0.855432868,0.976648092,0.85971719,1,218,249,219,255
652,-0.00800001621,-0.384673238,0.495999992,0.692336619,0.272063881,1.59159029,0.856426597,0.976841331,0.858440459,1,218,249,218,255
653,-0.00237035751,-0.384673238,0.498814821,0.692336619,0.272010237,1.5769583,0.856936932,0.976940513,0.857784808,1,218,249,218,255
654,-0.000296294689,-0.384673238,0.499851853,0.692336619,0.272005141,1.57156658,0.857124925,0.97697711,0.85754329,1,218,249,218,255
655,0,-0.384673238,0.5,0.692336619,0.272005051,1.57079637,0.857151806,0.976982296,0.857508779,1,218,249,218,255
656,0,-0.384673238,0.5,0.692336619,0.272005051,1.57079637,0.857151806,0.976982296,0.857508779,1,218,249,218,255
657,0.000296354294,-0.384673238,0.500148177,0.692336619,0.272005141,1.57002592,0.857178688,0.976987541,0.857474267,1,218,249,218,255
658,0.00237035751,-0.384673238,0.501185179,0.692336619,0.272010237,1.56463444,0.857366681,0.977024078,0.857232749,1,218,249,218,255
659,0.00800001621,-0.384673238,0.504000008,0.692336619,0.272063881,1.55000246,0.857877016,0.97712332,0.856577098,1,218,249,218,255
660,0.0189629793,-0.384673238,0.50948149,0.692336619,0.272335351,1.52153993,0.858870745,0.977316618,0.855300367,1,219,249,218,255
661,0.037037015,-0.384673238,0.518518507,0.692336619,0.273262918,1.47481048,0.860509157,0.977635205,0.853195548,1,219,249,217,255
662,0.0640000105,-0.384673238,0.532000005,0.692336619,0.275743991,1.40593147,0.862953246,0.978110492,0.850055516,1,220,249,216,255
663,0.101629615,-0.384673238,0.550814807,0.692336619,0.281337917,1.31250083,0.8663643,0.978773832,0.845673263,1,220,249,215,255
664,0.151703835,-0.384673238,0.575851917,0.692336619,0.292393208,1.19515228,0.870903373,0.979656518,0.839841723,1,222,249,214,255
665,0.216000199,-0.384673238,0.6080001,0.692336619,0.311953187,1.05915463,0.876731694,0.980789959,0.83235395,1,223,250,212,255
666,0.296296358,-0.384673238,0.648148179,0.692336619,0.343340218,0.914457738,0.884010315,0.982205391,0.823002815,1,225,250,209,255
667,0.394370556,-0.384673238,0.697185278,0.692336619,0.389552087,0.772951066,0.892900527,0.983934224,0.811581433,1,227,250,206,255
668,0.512000084,-0.384673238,0.756000042,0.692336619,0.452834189,0.644342065,0.903563321,0.98600775,0.797882557,1,230,251,203,255
669,0.650963306,-0.384673238,0.825481653,0.692336619,0.534661949,0.533723116,0.916159987,0.988457382,0.7816993,1,233,252,199,255
670,0.813037157,-0.384673238,0.906518579,0.692336619,0.636004329,0.441922456,0.930851579,0.991314411,0.762824595,1,237,252,194,255
671,1,-0.384673238,1,0.692336619,0.757619143,0.367224216,0.947799325,0.994610131,0.741051316,1,241,253,188,255
672,-1,-0.547708511,0,0.773854256,0.806221008,2.64051056,0.774225295,0.954568803,0.980864048,1,197,243,250,255
673,-0.813037038,-0.547708511,0.0934814811,0.773854256,0.693186045,2.5487659,0.791744173,0.958252609,0.957494855,1,201,244,244,255
674,-0.650963008,-0.547708511,0.174518496,0.773854256,0.601555228,2.44212317,0.806930959,0.961445987,0.937236667,1,205,245,238,255
675,-0.511999905,-0.547708511,0.244000047,0.773854256,0.530154943,2.32251072,0.81995213,0.964183986,0.919867098,1,209,245,234,255
676,-0.394370437,-0.547708511,0.302814782,0.773854256,0.477238208,2.19484377,0.83097434,0.966501713,0.905164182,1,211,246,230,255
677,-0.296296239,-0.547708511,0.351851881,0.773854256,0.440327197,2.06668353,0.840164125,0.968434155,0.892905533,1,214,246,227,255
678,-0.215999961,-0.547708511,0.39200002,0.773854256,0.416317552,1.9464401,0.847688079,0.970016181,0.882869005,1,216,247,225,255
679,-0.151703656,-0.547708511,0.424148172,0.773854256,0.401869774,1.84100127,0.853712797,0.971283078,0.874832332,1,217,247,223,255
680,-0.101629615,-0.547708511,0.449185193,0.773854256,0.393899232,1.75426388,0.858404875,0.972269714,0.868573427,1,218,247,221,255
681,-0.0640000105,-0.547708511,0.467999995,0.773854256,0.389923483,1.68711936,0.861930847,0.973011136,0.863869965,1,219,248,220,255
682,-0.037037015,-0.547708511,0.481481493,0.773854256,0.388172865,1.63831532,0.864457309,0.973542392,0.860499799,1,220,248,219,255
683,-0.0189629793,-0.547708511,0.49051851,0.773854256,0.387520462,1.60540485,0.866150916,0.97389853,0.858240664,1,220,248,218,255
684,-0.00800001621,-0.547708511,0.495999992,0.773854256,0.387329727,1.58540165,0.867178142,0.974114537,0.856870353,1,221,248,218,255
685,-0.00237035751,-0.547708511,0.498814821,0.773854256,0.387292027,1.57512403,0.867705643,0.974225461,0.856166661,1,221,248,218,255
686,-0.000296294689,-0.547708511,0.499851853,0.773854256,0.387288451,1.57133734,0.867900014,0.97426635,0.85590744,1,221,248,218,255
687,0,-0.547708511,0.5,0.773854256,0.387288421,1.57079637,0.86792779,0.974272132,0.855870366,1,221,248,218,255
688,0,-0.547708511,0.5,0.773854256,0.387288421,1.57079637,0.86792779,0.974272132,0.855870366,1,221,248,218,255
689,0.000296354294,-0.547708511,0.500148177,0.773854256,0.387288451,1.57025528,0.867955565,0.974278033,0.855833352,1,221,248,218,255
690,0.00237035751,-0.547708511,0.501185179,0.773854256,0.387292027,1.5664686,0.868149936,0.974318862,0.855574131,1,221,248,218,255
691,0.00800001621,-0.547708511,0.504000008,0.773854256,0.387329727,1.55619097,0.868677437,0.974429786,0.854870379,1,221,248,217,255
692,0.0189629793,-0.547708511,0.50948149,0.773854256,0.387520462,1.53618777,0.869704664,0.974645793,0.853500128,1,221,248,217,255
693,0.037037015,-0.547708511,0.518518507,0.773854256,0.388172865,1.5032773,0.871398211,0.975001872,0.851240993,1,222,248,217,255
694,0.0640000105,-0.547708511,0.532000005,0.773854256,0.389923483,1.45447338,0.873924732,0.975533187,0.847870767,1,222,248,216,255
695,0.101629615,-0.547708511,0.550814807,0.773854256,0.393899232,1.38732874,0.877450705,0.97627461,0.843167305,1,223,248,215,255
696,0.151703835,-0.547708511,0.575851917,0.773854256,0.401869774,1.30059111,0.882142842,0.977261245,0.83690834,1,224,249,213,255
697,0.216000199,-0.547708511,0.6080001,0.773854256,0.416317612,1.19515216,0.88816756,0.978528082,0.828871727,1,226,249,211,255
698,0.296296358,-0.547708511,0.648148179,0.773854256,0.440327227,1.07490885,0.895691514,0.980110228,0.818835199,1,228,249,208,255
699,0.394370556,-0.547708511,0.697185278,0.773854256,0.477238268,0.946748734,0.904881299,0.982042611,0.80657661,1,230,250,205,255
700,0.512000084,-0.547708511,0.756000042,0.773854256,0.530155003,0.819081843,0.915903449,0.984360278,0.791873634,1,233,251,201,255
701,0.650963306,-0.547708511,0.825481653,0.773854256,0.601555467,0.699469268,0.92892462,0.987098336,0.774504125,1,236,251,197,255
702,0.813037157,-0.547708511,0.906518579,0.773854256,0.693186164,0.592826724,0.944111407,0.990291715,0.754245937,1,240,252,192,255
703,1,-0.547708511,1,0.773854256,0.806221008,0.501082182,0.961630225,0.99397552,0.730876744,1,245,253,186,255
704,-1,-0.751314998,0,0.875657499,0.884441674,2.49725056,0.783867657,0.948592126,0.989478409,1,199,241,252,255
705,-0.813037038,-0.751314998,0.0934814811,0.875657499,0.782784581,2.39562941,0.802099884,0.952760577,0.964116096,1,204,242,245,255
706,-0.650963008,-0.751314998,0.174518496,0.875657499,0.702932119,2.28475261,0.817904949,0.956374109,0.942130148,1,208,243,240,255
707,-0.511999905,-0.751314998,0.244000047,0.875657499,0.642891169,2.16897869,0.831456304,0.959472299,0.923279166,1,212,244,235,255
708,-0.394370437,-0.751314998,0.302814782,0.875657499,0.600000978,2.05417037,0.842927277,0.962094903,0.907322228,1,214,245,231,255
709,-0.296296239,-0.751314998,0.351851881,0.875657499,0.571080387,1.94643998,0.85249126,0.964281499,0.894018114,1,217,245,227,255
710,-0.215999961,-0.751314998,0.39200002,0.875657499,0.552779436,1.85074234,0.860321581,0.966071784,0.883125544,1,219,246,225,255
711,-0.151703656,-0.751314998,0.424148172,0.875657499,0.541981697,1.77003491,0.866591573,0.967505276,0.874403477,1,220,246,222,255
712,-0.101629615,-0.751314998,0.449185193,0.875657499,0.536098301,1.70524919,0.871474683,0.968621731,0.867610753,1,222,246,221,255
713,-0.0640000105,-0.751314998,0.467999995,0.875657499,0.533183932,1.65577519,0.875144243,0.969460666,0.862506151,1,223,247,219,255
714,-0.037037015,-0.751314998,0.481481493,0.875657499,0.531905055,1.6200527,0.877773583,0.970061779,0.858848512,1,223,247,219,255
715,-0.0189629793,-0.751314998,0.49051851,0.875657499,0.531429112,1.59603071,0.879536092,0.970464766,0.856396675,1,224,247,218,255
716,-0.00800001621,-0.751314998,0.495999992,0.875657499,0.531290054,1.58144391,0.880605221,0.970709205,0.85490948,1,224,247,218,255
717,-0.00237035751,-0.751314998,0.498814821,0.875657499,0.531262577,1.57395124,0.881154239,0.970834672,0.854145825,1,224,247,217,255
718,-0.000296294689,-0.751314998,0.499851853,0.875657499,0.531259954,1.57119071,0.881356478,0.970880985,0.853864491,1,224,247,217,255
719,0,-0.751314998,0.5,0.875657499,0.531259954,1.57079637,0.881385326,0.970887542,0.853824258,1,224,247,217,255
720,0,-0.751314998,0.5,0.875657499,0.531259954,1.57079637,0.881385326,0.970887542,0.853824258,1,224,247,217,255
721,0.000296354294,-0.751314998,0.500148177,0.875657499,0.531259954,1.57040191,0.881414235,0.970894158,0.853784084,1,224,247,217,255
722,0.00237035751,-0.751314998,0.501185179,0.875657499,0.531262577,1.56764138,0.881616533,0.970940411,0.853502691,1,224,247,217,255
723,0.00800001621,-0.751314998,0.504000008,0.875657499,0.531290054,1.56014872,0.882165492,0.971065938,0.852739036,1,224,247,217,255
724,0.0189629793,-0.751314998,0.50948149,0.875657499,0.531429112,1.54556191,0.88323456,0.971310318,0.8512519,1,225,247,217,255
725,0.037037015,-0.751314998,0.518518507,0.875657499,0.531905055,1.52153993,0.88499707,0.971713364,0.848800004,1,225,247,216,255
726,0.0640000105,-0.751314998,0.532000005,0.875657499,0.533183932,1.48581743,0.887626529,0.972314477,0.845142365,1,226,247,215,255
727,0.101629615,-0.751314998,0.550814807,0.875657499,0.536098301,1.43634343,0.891296029,0.973153472,0.840037763,1,227,248,214,255
728,0.151703835,-0.751314998,0.575851917,0.875657499,0.541981697,1.37155747,0.89617914,0.974269807,0.833245039,1,228,248,212,255
729,0.216000199,-0.751314998,0.6080001,0.875657499,0.552779496,1.29085004,0.90244925,0.975703418,0.824522972,1,230,248,210,255
730,0.296296358,-0.751314998,0.648148179,0.875657499,0.571080446,1.19515252,0.910279512,0.977493644,0.813630462,1,232,249,207,255
731,0.394370556,-0.751314998,0.697185278,0.875657499,0.600000978,1.08742213,0.919843435,0.97968024,0.800326288,1,234,249,204,255
732,0.512000084,-0.751314998,0.756000042,0.875657499,0.642891288,0.972613871,0.931314409,0.982302785,0.784369409,1,237,250,200,255
733,0.650963306,-0.751314998,0.825481653,0.875657499,0.702932239,0.856839716,0.944865763,0.985401094,0.765518427,1,240,251,195,255
734,0.813037157,-0.751314998,0.906518579,0.875657499,0.782784641,0.745963216,0.960670829,0.989014566,0.743532419,1,244,252,189,255
735,1,-0.751314998,1,0.875657499,0.884441674,0.644342184,0.978903055,0.993182957,0.718170106,1,249,253,183,255
736,-1,-1,0,1,1,2.3561945,0.795644879,0.941292286,1,1,202,240,255,255
737,-0.813037038,-1,0.0934814811,1,0.911325753,2.25343633,0.814748287,0.946052611,0.972203314,1,207,241,247,255
738,-0.650963008,-1,0.174518496,1,0.843727648,2.14784813,0.831308603,0.950179219,0.948107004,1,211,242,241,255
739,-0.511999905,-1,0.244000047,1,0.794400334,2.04399776,0.845507503,0.953717351,0.927446604,1,215,243,236,255
740,-0.394370437,-1,0.302814782,1,0.760107875,1.94644022,0.85752666,0.956712425,0.909958124,1,218,243,232,255
741,-0.296296239,-1,0.351851881,1,0.737492919,1.85885167,0.867547631,0.959209561,0.895376921,1,221,244,228,255
742,-0.215999961,-1,0.39200002,1,0.723414183,1.78352809,0.875752091,0.961254001,0.883438945,1,223,245,225,255
743,-0.151703656,-1,0.424148172,1,0.715197146,1.72135198,0.882321715,0.962891042,0.873879671,1,224,245,222,255
744,-0.101629615,-1,0.449185193,1,0.710749149,1.67207825,0.887438178,0.964166045,0.866434932,1,226,245,220,255
745,-0.0640000105,-1,0.467999995,1,0.708553433,1.63470912,0.891283035,0.96512413,0.860840321,1,227,246,219,255
746,-0.037037015,-1,0.481481493,1,0.707591653,1.60781646,0.894038081,0.965810597,0.85683167,1,227,246,218,255
747,-0.0189629793,-1,0.49051851,1,0.707233906,1.58975708,0.895884871,0.966270804,0.854144454,1,228,246,217,255
748,-0.00800001621,-1,0.495999992,1,0.707129359,1.57879615,0.897005022,0.966549933,0.852514565,1,228,246,217,255
749,-0.00237035751,-1,0.498814821,1,0.707108736,1.57316673,0.897580266,0.966693282,0.851677537,1,228,246,217,255
750,-0.000296294689,-1,0.499851853,1,0.707106769,1.57109261,0.89779222,0.966746092,0.851369262,1,228,246,217,255
751,0,-1,0.5,1,0.707106769,1.57079637,0.89782244,0.966753602,0.851325154,1,228,246,217,255
752,0,-1,0.5,1,0.707106769,1.57079637,0.89782244,0.966753602,0.851325154,1,228,246,217,255
753,0.000296354294,-1,0.500148177,1,0.707106769,1.57050002,0.897852719,0.966761172,0.851281106,1,228,246,217,255
754,0.00237035751,-1,0.501185179,1,0.707108736,1.56842601,0.898064613,0.966813982,0.850972772,1,229,246,216,255
755,0.00800001621,-1,0.504000008,1,0.707129359,1.56279647,0.898639858,0.966957331,0.850135744,1,229,246,216,255
756,0.0189629793,-1,0.50948149,1,0.707233906,1.55183566,0.899760008,0.967236459,0.848505855,1,229,246,216,255
757,0.037037015,-1,0.518518507,1,0.707591653,1.53377628,0.901606798,0.967696667,0.845818639,1,229,246,215,255
758,0.0640000105,-1,0.532000005,1,0.708553433,1.5068835,0.904361844,0.968383193,0.841809988,1,230,246,214,255
759,0.101629615,-1,0.550814807,1,0.710749149,1.46951449,0.908206701,0.969341278,0.836215377,1,231,247,213,255
760,0.151703835,-1,0.575851917,1,0.715197206,1.4202404,0.913323164,0.970616221,0.828770638,1,232,247,211,255
761,0.216000199,-1,0.6080001,1,0.723414183,1.35806441,0.919892788,0.972253263,0.819211364,1,234,247,208,255
762,0.296296358,-1,0.648148179,1,0.737492919,1.28274083,0.928097248,0.974297762,0.807273328,1,236,248,205,255
763,0.394370556,-1,0.697185278,1,0.760107994,1.19515228,0.938118279,0.976794839,0.792692184,1,239,249,202,255
764,0.512000084,-1,0.756000042,1,0.794400394,1.09759474,0.950137377,0.979789853,0.775203645,1,242,249,197,255
765,0.650963306,-1,0.825481653,1,0.843727827,0.993744195,0.964336276,0.983328044,0.754543304,1,245,250,192,255
766,0.813037157,-1,0.906518579,1,0.911325812,0.888156295,0.980896592,0.987454653,0.730446994,1,250,251,186,255
767,1,-1,1,1,1,0.785398185,1,0.992214978,0.702650309,1,255,253,179,255
