draw,target,primitive,instanced,row,r,g,b,a
0,2,6,0,0,0.498039246,0.12156868,0.749019623,0.498039246
0,2,6,0,1,0.12156868,0.749019623,0.498039246,0.12156868
0,2,6,0,2,0.12156868,0.749019623,0.498039246,0.12156868
0,2,6,0,3,0.12156868,0.749019623,0.498039246,0.12156868
0,2,6,0,4,0.12156868,0.749019623,0.498039246,0.12156868
0,2,6,0,5,0.12156868,0.749019623,0.498039246,0.12156868
1,3,6,0,0,0.498039246,0.12156868,0.749019623,0.498039246
1,3,6,0,1,0.12156868,0.749019623,0.498039246,0.12156868
1,3,6,0,2,0.12156868,0.749019623,0.498039246,0.12156868
1,3,6,0,3,0.12156868,0.749019623,0.498039246,0.12156868
1,3,6,0,4,0.12156868,0.749019623,0.498039246,0.12156868
1,3,6,0,5,0.12156868,0.749019623,0.498039246,0.12156868
