preset,profile,luma,authored_luma,luma_ratio,regularized_luma_ratio,near_black_authored,contrast,contrast_ratio,mae_authored,luma_absolute_error,contrast_absolute_error,lap_native,lap_1182,serializedFrameMeanMs,serializedFrameP90Ms,pssBeforeFramesKB,pssAfterFramesKB
$$$ Royal - Mashup (191).milk,authored,0.004737074952572584,0.004737074952572584,1.0,1.0,False,0.057399803306907415,1.0,0.0,0.0,0.0,0.0053029488190077245,0.00249550020089373,1.4408040750000006,1.848625,39983,48309
$$$ Royal - Mashup (191).milk,native_before,0.0017391325673088431,0.004737074952572584,0.36713216166536794,0.47744409650436553,False,0.025755063630640507,0.4486960258893636,0.0034891660616267473,0.002997942385263741,0.03164473967626691,0.0004165111458860338,0.0016719679697416723,2.4433335722222234,2.900875,40091,68720
$$$ Royal - Mashup (191).milk,standard,0.004738882096717134,0.004737074952572584,1.0003814894555487,1.0003149939924942,False,0.05685176746919751,0.990452304604954,0.0006540475478686858,0.00018067596829496324,0.0015150615945458412,0.00043007202475564554,0.0018931336817331612,2.645819347222221,3.197791,40107,68775
$$$ Royal - Mashup (191).milk,medium,0.004730041429866105,0.004737074952572584,0.9985152181933159,0.9987740228662474,False,0.056950169149786234,0.9921666254722675,0.000695108941727085,0.0001740255393087864,0.0013835867866873741,0.0005097253160784021,0.002132609792170115,5.581576372222223,6.072875,40054,68779
$$$ Royal - Mashup (191).milk,high,0.004724651371361688,0.004737074952572584,0.9973773728861627,0.9978345095168532,False,0.05703089525923133,0.9935730085048621,0.0007615641625307035,0.00017011709860526025,0.0013251081109046936,0.0007777990176691674,0.002383036684477702,5.592696091666667,6.382875,40013,68788
Fed - quadratrail.milk,authored,0.0021715918119298294,0.0021715918119298294,1.0,1.0,False,0.02283764397725463,1.0,0.0,0.0,0.0,0.0005596869814326055,0.0002660933205334004,1.2732284749999998,1.649333,39352,47785
Fed - quadratrail.milk,native_before,0.001380169254844077,0.0021715918119298294,0.6355564831576526,0.7504651909779674,False,0.01903684693388641,0.8335731546058928,0.0012644624439417385,0.0007914225570857525,0.0038007970433682203,6.983690309425583e-05,0.00019579785475798417,2.299065902777777,2.583708,39309,67859
Fed - quadratrail.milk,standard,0.002213247586041689,0.0021715918119298294,1.0191821381361912,1.013134027511098,False,0.02312387153506279,1.012533147381281,0.0007755597835057415,4.292548692319542e-05,0.00034659216180443764,7.611528735651518e-05,0.00023189032981463242,2.329596516666669,2.804834,39180,67840
Fed - quadratrail.milk,medium,0.002209053738624789,0.0021715918119298294,1.017250906219649,1.0118117112530205,False,0.02312043192796409,1.012382536087834,0.0007780911182635464,3.961595939472318e-05,0.00034637446515262127,8.58950206747977e-05,0.00024475048849126324,5.600870563888889,6.26125,39409,68104
Fed - quadratrail.milk,high,0.002189587539760396,0.0021715918119298294,1.0082868832584952,1.005674036539909,False,0.022984195267781615,1.0064170932287475,0.0008008014192455448,2.1372063201852143e-05,0.00023102457635104656,0.000125905277855054,0.0002637114466779167,5.635653811111112,6.198542,39475,68146
Zylot & Shifter - Tartan (Silent Heaven Mix).milk,authored,0.0649840198457241,0.0649840198457241,1.0,1.0,False,0.0893399678170681,1.0,0.0,0.0,0.0,0.011590854031965137,0.006412392482161522,1.5776894361111107,2.04475,39189,47565
Zylot & Shifter - Tartan (Silent Heaven Mix).milk,native_before,0.06363443890586495,0.0649840198457241,0.9792321105548235,0.9795468517526732,False,0.0915342541411519,1.0245610825445652,0.010319242079276592,0.0015145414508879185,0.002194286324083805,0.00044961386811337434,0.004573326645186171,2.6953047861111123,3.031083,40030,68659
Zylot & Shifter - Tartan (Silent Heaven Mix).milk,standard,0.0650369618088007,0.0649840198457241,1.0008146920304757,1.000802345222379,False,0.08785437978804111,0.9833715181981164,0.0010927833063760772,6.0879625380039215e-05,0.0014855880290269852,0.0004090195434400812,0.004678931087255478,3.226538199999998,3.709792,39202,67808
Zylot & Shifter - Tartan (Silent Heaven Mix).milk,medium,0.06504352856427431,0.0649840198457241,1.0009157438812109,1.0009018656136643,False,0.08824292849749327,0.9877206210570713,0.0016011852130759507,7.287319749593735e-05,0.001097039319574833,0.0006720827950630337,0.0053402297489810735,5.930212836111114,6.636208,39339,67873
Zylot & Shifter - Tartan (Silent Heaven Mix).milk,high,0.06506642885506153,0.0649840198457241,1.0012681426838947,1.0012489237474482,False,0.08884153328835964,0.9944209233460991,0.0026093153282999992,8.617900311946869e-05,0.000498434528708458,0.0019111842120764777,0.006612602213863283,5.8593828583333325,6.369375,39367,68077
astral spinorgentics encrustcore nz+.milk,authored,0.09857458341866732,0.09857458341866732,1.0,1.0,False,0.18151821475476027,1.0,0.0,0.0,0.0,0.002447884064167738,0.0009896973042486934,2.316017602777777,2.773542,39360,48747
astral spinorgentics encrustcore nz+.milk,native_before,0.06853762315586209,0.09857458341866732,0.6952869672780474,0.6983471159852809,False,0.1475487407296896,0.8128591443510778,0.04443557886406779,0.030036960262805223,0.03396947402507067,0.00012290146969462512,0.00033613019604672445,5.368741591666666,6.533541,39463,68985
astral spinorgentics encrustcore nz+.milk,standard,0.09437677543610334,0.09857458341866732,0.9574149051714985,0.9578425755002756,False,0.17746319063007832,0.9776605112045615,0.01824853924335912,0.0041978079825639725,0.00405502412468195,0.00030322684324346483,0.0008027429503272288,4.251569430555554,4.910167,40160,69601
astral spinorgentics encrustcore nz+.milk,medium,0.09573108796030283,0.09857458341866732,0.9711538678658417,0.9714435615923308,False,0.1786018731072545,0.9839336143127791,0.018417647224850953,0.0036281608045101166,0.0031043682247400284,0.0003444390804361319,0.0008782377917668782,5.878281177777775,6.304083,40180,69696
astral spinorgentics encrustcore nz+.milk,high,0.10106603987514973,0.09857458341866732,1.0252748362719493,1.0250210080820217,False,0.18160784617066383,1.0004937874473074,0.022516172495670617,0.00399103295058012,0.0020380811765789986,0.0006583702579519013,0.0010714388190535828,6.598670227777775,7.9445,40223,69730
Geiss - Motion Blur.milk,authored,0.00125306926202029,0.00125306926202029,1.0,1.0,False,0.0020116681698709726,1.0,0.0,0.0,0.0,5.4435389529317035e-08,5.911945066827684e-08,0.7234173694444442,1.050708,39274,47396
Geiss - Motion Blur.milk,native_before,0.0,0.00125306926202029,0.0,0.44383899636681234,False,0.0,0.0,0.001723609515465796,0.00125306926202029,0.0020116681698709726,0.0,0.0,2.1709056611111115,2.578667,39399,67797
Geiss - Motion Blur.milk,standard,0.0012530580861493945,0.00125306926202029,0.9999910812025846,0.9999950397126782,False,0.002011645585298538,0.9999887732118186,2.6130319952244463e-07,1.1175870895385742e-08,2.2584572434425354e-08,1.8765611287108186e-08,5.923378765260168e-08,2.5171262472222224,3.516042,39404,67961
Geiss - Motion Blur.milk,medium,0.0012534463312476873,0.00125306926202029,1.000300916508629,1.0001673580274488,False,0.002012156881392002,1.000242938437039,1.3322929817149998e-06,3.7706922739744186e-07,4.887115210294724e-07,2.2226522844448482e-08,6.09596568779125e-08,5.964714688888888,6.975666,39221,67980
Geiss - Motion Blur.milk,high,0.0012536769500002265,0.00125306926202029,1.0004849596094607,1.0002697156231193,False,0.0020124565344303846,1.0003918959255902,1.8532361991674406e-06,6.076879799365997e-07,7.883645594120026e-07,5.233718880504057e-08,6.22098710323371e-08,5.914074502777773,6.926458,39372,68062
"Fumbling_Foo & Flexi, Martin, Orb - Acid Mandala v1c.milk",authored,0.9341467395424843,0.9341467395424843,1.0,1.0,False,0.12558411480858922,1.0,0.0,0.0,0.0,0.00526720893685706,0.002368217537878081,2.1062090166666656,2.797583,39530,52491
"Fumbling_Foo & Flexi, Martin, Orb - Acid Mandala v1c.milk",native_before,0.9360073432326317,0.9341467395424843,1.001991768114567,1.001989638215557,False,0.1257393746636808,1.0012363017036685,0.016574100241996348,0.0027604997158050537,0.004372592084109783,0.00039707189284854394,0.0012912889287690632,3.893488569444444,5.247667,40143,72510
"Fumbling_Foo & Flexi, Martin, Orb - Acid Mandala v1c.milk",standard,0.934149794280529,0.9341467395424843,1.0000032700837196,1.0000032665868528,False,0.12528523104265332,0.9976200511793116,0.002181194671720732,4.552304744720459e-05,0.0003090314567089081,0.00045323931863094913,0.0019369897854630835,3.854306291666666,4.741334,39417,71829
"Fumbling_Foo & Flexi, Martin, Orb - Acid Mandala v1c.milk",medium,0.9341649115085602,0.9341467395424843,1.0000194530102249,1.000019432208131,False,0.1252978420816362,0.9977204702410861,0.0025189815496560186,4.2729079723358154e-05,0.0002887314185500145,0.0005459225303638959,0.0020803700608666986,7.231856850000004,8.270625,39336,71962
"Fumbling_Foo & Flexi, Martin, Orb - Acid Mandala v1c.milk",high,0.9341974556446075,0.9341467395424843,1.0000542913655601,1.0000542333090399,False,0.12540158350020647,0.9985465414263504,0.0035080217494396493,5.9761106967926025e-05,0.000221246387809515,0.0011465173520264216,0.002650903319590725,7.333672911111115,8.579791,39464,71823
Waltra - Heaven Liquid.milk,authored,0.022090284852311015,0.022090284852311015,1.0,1.0,False,0.030011534690856934,1.0,0.0,0.0,0.0,0.000808150514785666,0.0002871358701668214,1.2318769388888882,1.598875,39306,48265
Waltra - Heaven Liquid.milk,native_before,0.020110362209379673,0.022090284852311015,0.910371339429595,0.9142530005326817,False,0.028494659578427672,0.9494569295421144,0.01287873846013099,0.001979922642931342,0.0015168751124292612,6.08934437877906e-05,0.0002713463945838157,3.2856569527777784,3.799625,39420,68650
Waltra - Heaven Liquid.milk,standard,0.010435682837851346,0.022090284852311015,0.47241051474080914,0.4952594959739873,False,0.017518059234134853,0.5837108769872992,0.019412838388234377,0.01165460201445967,0.01249347545672208,1.5508185015278286e-05,0.00010949406623694813,3.758365258333332,4.569209,40179,69390
Waltra - Heaven Liquid.milk,medium,0.010413800599053502,0.022090284852311015,0.47141993272957017,0.49431181434347443,False,0.017521465197205544,0.5838243654545093,0.01953538041561842,0.011676484253257513,0.01249006949365139,2.8665158424701076e-05,0.00013073818445263896,7.221925219444447,8.285375,40057,69273
Waltra - Heaven Liquid.milk,high,0.010406112531200051,0.022090284852311015,0.471071903362595,0.4939788575219097,False,0.017565725604072213,0.5852991453124069,0.01979296817444265,0.011684172321110964,0.01244580908678472,9.17596744329785e-05,0.00017555998783791438,7.678596077777773,8.877125,40010,69361
TonyMilkdrop - I Like Cartoon --- Isosceles edit.milk,authored,0.7654685452580452,0.7654685452580452,1.0,1.0,False,0.1617509201169014,1.0,0.0,0.0,0.0,0.0008604249342170078,0.000585598971156287,1.128317480555556,1.651958,39274,47919
TonyMilkdrop - I Like Cartoon --- Isosceles edit.milk,native_before,0.8057344146072865,0.7654685452580452,1.0526029052384738,1.0525342750180113,False,0.15236927941441536,0.941999460060532,0.23068690113723278,0.18450133875012398,0.07623044960200787,2.2361110609381285e-05,0.000531597489498381,3.024157433333335,3.979875,39315,67913
TonyMilkdrop - I Like Cartoon --- Isosceles edit.milk,standard,0.7616026550531387,0.7654685452580452,0.9949496419822147,0.994956231108473,False,0.18912277463823557,1.1692222492555335,0.2006465569138527,0.09520072489976883,0.06222810875624418,3.405519322541295e-05,0.0005852104122823221,3.0258319805555587,4.130292,39416,68026
TonyMilkdrop - I Like Cartoon --- Isosceles edit.milk,medium,0.801114484667778,0.7654685452580452,1.0465674776978802,1.0465067218090887,False,0.13434350490570068,0.8305579022895654,0.1895042359828949,0.1210709735751152,0.0622553788125515,2.2300853288470535e-05,0.0003006485903824796,6.646435994444445,7.623042,39335,68151
TonyMilkdrop - I Like Cartoon --- Isosceles edit.milk,high,0.734480507671833,0.7654685452580452,0.9595175559098045,0.9595703727466344,False,0.1730475351214409,1.0698395718328844,0.18419161578640342,0.07704906165599823,0.030207373201847076,0.00010077864817503723,0.0005503468419192359,6.6603122500000005,7.557375,39428,68289
A HD ADAMFX Creation  !!FT  Martin + flexi +  Rovastar MDropFX Collaboration  AdamFX HD INFECTIONFX WitchCraft Disruption .milk,authored,0.03134280489757657,0.03134280489757657,1.0,1.0,False,0.08387415762990713,1.0,0.0,0.0,0.0,0.13260643649846315,0.04066766565665603,1.7820579916666663,2.229583,40181,48776
A HD ADAMFX Creation  !!FT  Martin + flexi +  Rovastar MDropFX Collaboration  AdamFX HD INFECTIONFX WitchCraft Disruption .milk,native_before,0.03878076164983213,0.03134280489757657,1.2373098635097162,1.229972532555854,False,0.06305614905431867,0.7517947224287191,0.05404430953785777,0.007454657228663564,0.020818008575588465,0.20449327118694782,0.013644524617120624,3.8579004722222194,4.556459,40101,69125
A HD ADAMFX Creation  !!FT  Martin + flexi +  Rovastar MDropFX Collaboration  AdamFX HD INFECTIONFX WitchCraft Disruption .milk,standard,0.03119203168898821,0.03134280489757657,0.995189543211558,0.9953382766564053,False,0.07804576680064201,0.9305102907264623,0.04053599387407303,0.0005350071005523205,0.005828390829265118,0.0028903079801239073,0.023859770968556404,4.042404280555553,4.861833,39370,68240
A HD ADAMFX Creation  !!FT  Martin + flexi +  Rovastar MDropFX Collaboration  AdamFX HD INFECTIONFX WitchCraft Disruption .milk,medium,0.03197795222513378,0.03134280489757657,1.0202645337465095,1.0196379791291632,False,0.0783449849113822,0.9340777555952062,0.046847844030708075,0.0006806987803429365,0.005529172718524933,0.006901095621287823,0.02409367822110653,5.79677384166667,6.457375,39354,68312
A HD ADAMFX Creation  !!FT  Martin + flexi +  Rovastar MDropFX Collaboration  AdamFX HD INFECTIONFX WitchCraft Disruption .milk,high,0.03236737661063671,0.03134280489757657,1.0326892157995522,1.0316785051978257,False,0.07860668562352657,0.9371979146470458,0.04719315795227885,0.0010245717130601406,0.005267472006380558,0.022923622280359268,0.02491060388274491,6.062326861111111,6.931083,39442,68388
Phat+EoS_Mandala_Chasers_remix_Targeting_mix shf what too much activity.milk,authored,0.03341217990964651,0.03341217990964651,1.0,1.0,False,0.1138329254463315,1.0,0.0,0.0,0.0,0.07855117414146662,0.03170243254862726,2.431689130555556,2.843542,39373,48289
Phat+EoS_Mandala_Chasers_remix_Targeting_mix shf what too much activity.milk,native_before,0.03559893788769841,0.03341217990964651,1.065447928987733,1.0635460463066713,False,0.1150763863697648,1.010923561162623,0.008180870383512229,0.002186757978051901,0.0015425663441419601,0.035692690405994654,0.03033944556955248,4.087212008333337,4.785958,39331,68466
Phat+EoS_Mandala_Chasers_remix_Targeting_mix shf what too much activity.milk,standard,0.034626238979399204,0.03341217990964651,1.0363358234343214,1.0352799233567986,False,0.11272149998694658,0.9902363445810859,0.00598204588459339,0.0013591060414910316,0.0018494930118322372,0.0035763473861152306,0.022379664122126997,4.384489458333331,4.931667,40139,69382
Phat+EoS_Mandala_Chasers_remix_Targeting_mix shf what too much activity.milk,medium,0.03484387579374015,0.03341217990964651,1.0428495203834425,1.0416043356698919,False,0.11270168889313936,0.9900623079943115,0.006370082031935453,0.00153441377915442,0.0019442923367023468,0.00380191343720071,0.02184016176033765,6.301468083333335,6.965917,39985,69269
Phat+EoS_Mandala_Chasers_remix_Targeting_mix shf what too much activity.milk,high,0.034983971854671836,0.03341217990964651,1.0470424841861794,1.0456754541314226,False,0.11270341090857983,0.9900774355633669,0.006710157002089545,0.0017169241327792406,0.0020615598186850548,0.005076341185485944,0.021406933316029608,6.522560149999998,7.372792,40169,69364
Jc - Geometry 101.milk,authored,0.0462058933917433,0.0462058933917433,1.0,1.0,False,0.15422735922038555,1.0,0.0,0.0,0.0,0.26375193358398974,0.08802453725365922,1.422942836111112,1.803042,39261,48124
Jc - Geometry 101.milk,native_before,0.04426467581652105,0.0462058933917433,0.9579876627692445,0.9588776435367329,False,0.13054042030125856,0.8464154541784044,0.038272839272394776,0.0022588814608752728,0.02471104171127081,0.23049934615846723,0.05969997320789844,3.512898047222224,3.958542,39106,68199
Jc - Geometry 101.milk,standard,0.04623185144737363,0.0462058933917433,1.0005617910124636,1.0005498901464465,False,0.14803422521799803,0.9598441286053679,0.007961480398080312,0.00025773770175874233,0.00627118069678545,0.006568301221705042,0.05606366612482816,3.77232315833333,4.567625,39380,68443
Jc - Geometry 101.milk,medium,0.04624006222002208,0.0462058933917433,1.0007394906963294,1.000723825476519,False,0.14771111030131578,0.9577490728492714,0.008271402781247161,0.0002643154002726078,0.006572558544576168,0.00895978620974347,0.05513834534212947,6.8430607444444425,7.9915,39212,68316
Jc - Geometry 101.milk,high,0.046242154436185956,0.0462058933917433,1.0007847709844115,1.0007681465562306,False,0.1475222771987319,0.9565246914973605,0.008413200368522666,0.00026298966258764267,0.006790229119360447,0.010048470052424818,0.05460204154951498,7.080863288888889,8.513333,39351,68409
Stahlregen & flexi + Geiss + martin + Rovastar - Tides (martin's metallics).milk,authored,0.47835251688957214,0.47835251688957214,1.0,1.0,False,0.06185658066533506,1.0,0.0,0.0,0.0,0.0036721183350891806,0.00193187015975127,4.218142280555554,5.037167,39241,47876
Stahlregen & flexi + Geiss + martin + Rovastar - Tides (martin's metallics).milk,native_before,0.4825823903083801,0.47835251688957214,1.0088425863133579,1.0088241393750361,False,0.058394334744662046,0.9440278482348559,0.015609202324412763,0.004229873418807983,0.0034622459206730127,9.78572261374211e-05,0.0015716994003014406,3.5674889416666646,4.647125,39248,68170
Stahlregen & flexi + Geiss + martin + Rovastar - Tides (martin's metallics).milk,standard,0.47834719717502594,0.47835251688957214,0.999988879091552,0.999988902291406,False,0.06114314985461533,0.9884663716770956,0.00109084108407842,5.677342414855957e-06,0.0007134308107197285,0.00010597475443319126,0.0014522745113936253,6.432929411111113,7.316458,39462,68328
Stahlregen & flexi + Geiss + martin + Rovastar - Tides (martin's metallics).milk,medium,0.47833432257175446,0.47835251688957214,0.9999619646240475,0.9999620439714477,False,0.061272245831787586,0.990553392585521,0.0013553969911299646,1.8194317817687988e-05,0.000584334833547473,0.00019911287699869717,0.001616050965822069,9.767294202777782,11.272875,39408,68277
Stahlregen & flexi + Geiss + martin + Rovastar - Tides (martin's metallics).milk,high,0.4783460721373558,0.47835251688957214,0.9999865271907458,0.9999865552970115,False,0.0614796350710094,0.993906135931356,0.0023194696113932878,6.474554538726807e-06,0.00037694559432566166,0.0007678455840505194,0.0020545200459309854,9.588827080555555,11.404667,39308,68221
3dRaGoNs & Rovastar - StarGate rEmIx (Jelly).milk,authored,0.38199348002672195,0.38199348002672195,1.0,1.0,False,0.1207208102568984,1.0,0.0,0.0,0.0,0.010281716822646558,0.005959578673355281,4.4174461805555545,5.060084,40114,48592
3dRaGoNs & Rovastar - StarGate rEmIx (Jelly).milk,native_before,0.40899929590523243,0.38199348002672195,1.0706970597420178,1.0705124689763028,False,0.11779895378276706,0.9757965799938426,0.061834712978452444,0.04600394703447819,0.01489997049793601,0.0002049085178441601,0.0034579229904920794,3.872912277777779,4.761709,40047,68992
3dRaGoNs & Rovastar - StarGate rEmIx (Jelly).milk,standard,0.3819988612085581,0.38199348002672195,1.0000140871038838,1.0000140503223076,False,0.11980978213250637,0.9924534293428504,0.0009536831203149632,2.195127308368683e-05,0.0009110281243920326,0.000269597245278419,0.004563427632092498,8.115924105555548,9.604791,39398,68264
3dRaGoNs & Rovastar - StarGate rEmIx (Jelly).milk,medium,0.3819720624014735,0.38199348002672195,0.9999439319612289,0.9999440783554672,False,0.11997198965400457,0.9937970876661587,0.0012030098005197942,4.253070801496506e-05,0.0007488206028938293,0.0005317380619089818,0.005010713532101363,9.807535369444436,11.680166,39327,68295
3dRaGoNs & Rovastar - StarGate rEmIx (Jelly).milk,high,0.38197821844369173,0.38199348002672195,0.9999600475300543,0.9999601518463731,False,0.12017424497753382,0.9954724849990529,0.001848810148658231,3.751460462808609e-05,0.0005465652793645859,0.0014109834737610072,0.005862284422619268,10.884906388888883,12.121042,39290,68185
Mig_Oscilloscope022 b.milk,authored,0.024846676038578153,0.024846676038578153,1.0,1.0,False,0.017965444014407694,1.0,0.0,0.0,0.0,5.614058954961365e-05,3.5570481486502104e-05,1.4074506944444447,1.90925,39999,48269
Mig_Oscilloscope022 b.milk,native_before,0.024868550011888146,0.024846676038578153,1.000880358132252,1.000846297345057,False,0.018299126299098134,1.018573561801358,0.00013369888984016143,3.2693613320589066e-05,0.0003336822846904397,1.6990765743685188e-05,2.9487662459359854e-05,3.2730842305555585,4.661458,39939,68639
Mig_Oscilloscope022 b.milk,standard,0.02492364402860403,0.024846676038578153,1.0030977177754632,1.0029778680210562,False,0.01894160802476108,1.0543356462312057,9.94480096778716e-05,7.696799002587795e-05,0.0009761640103533864,1.9599038864726026e-05,3.8246041981437884e-05,3.5035452277777748,4.704667,39314,67998
Mig_Oscilloscope022 b.milk,medium,0.024924448458477855,0.024846676038578153,1.003130093529571,1.003008991167128,False,0.018969337921589613,1.0558791592557817,0.00010632379780872725,7.777241989970207e-05,0.0010038939071819186,2.088815688239265e-05,3.962261575907178e-05,6.052545836111108,6.940709,39363,68097
Mig_Oscilloscope022 b.milk,high,0.024919433053582907,0.024846676038578153,1.0029282393706018,1.0028149466839047,False,0.01901008957065642,1.0581474944571898,0.00012620653888006927,7.275701500475407e-05,0.0010446455562487245,2.9536412284869584e-05,4.248674031259725e-05,5.999407083333327,7.067333,39209,68150
midgitstraights of majillaen - featy sweet.milk,authored,0.5879674479365349,0.5879674479365349,1.0,1.0,False,0.2099536880850792,1.0,0.0,0.0,0.0,0.02407506457529962,0.00838117190869525,3.2990715222222233,3.817625,39331,49232
midgitstraights of majillaen - featy sweet.milk,native_before,0.5868673399090767,0.5879674479365349,0.9981289643987622,0.9981321412052356,False,0.20812426507472992,0.9912865402506864,0.15769923478364944,0.005460590124130249,0.0040083713829517365,0.0030155043641570956,0.007964510470628738,5.961192233333337,7.403458,39552,69879
midgitstraights of majillaen - featy sweet.milk,standard,0.6137185543775558,0.5879674479365349,1.043796823329921,1.043722461285833,False,0.19982867129147053,0.951774999115492,0.14765322394669056,0.025751106441020966,0.010125016793608665,0.0011447572687757201,0.006272025115322322,5.841874280555554,6.516708,39386,69650
midgitstraights of majillaen - featy sweet.milk,medium,0.6134897619485855,0.5879674479365349,1.0434076990173877,1.0433339976622966,False,0.2001829408109188,0.9534623689477605,0.14790259301662445,0.02552231401205063,0.009770747274160385,0.002144379905075766,0.007033504720311612,7.635432516666658,8.87,39333,69589
midgitstraights of majillaen - featy sweet.milk,high,0.613877423107624,0.5879674479365349,1.0440670232034441,1.043992202390583,False,0.19984900578856468,0.9518718514131563,0.1484038382768631,0.025909975171089172,0.010104682296514511,0.008135992509778589,0.008471534529235214,7.825589222222226,9.20125,39427,69763
Flexi + orb + geiss - the computer is your friend trust the computer.milk,authored,0.3965543061494827,0.3965543061494827,1.0,1.0,False,0.37274834513664246,1.0,0.0,0.0,0.0,0.23525680787861347,0.10803794860839844,1.2589635388888893,1.738333,39228,48967
Flexi + orb + geiss - the computer is your friend trust the computer.milk,native_before,0.39149872213602066,0.3965543061494827,0.9872512189753997,0.9872832869993838,False,0.38226785510778427,1.0255387048536786,0.4055793806910515,0.13775882869958878,0.019840218126773834,0.005302380508510396,0.05031193187460303,4.978494933333331,6.274083,39227,69263
Flexi + orb + geiss - the computer is your friend trust the computer.milk,standard,0.3934711627662182,0.3965543061494827,0.992225167308857,0.9922447239645663,False,0.36399704962968826,0.9765222418257923,0.20420261472463608,0.11019634827971458,0.021494530141353607,0.008547049888875335,0.07375589804723859,4.466856691666671,5.489625,40122,70027
Flexi + orb + geiss - the computer is your friend trust the computer.milk,medium,0.39220239222049713,0.3965543061494827,0.9890256798085427,0.9890532843899086,False,0.36497413739562035,0.9791435486100623,0.21017510443925858,0.11090181022882462,0.021148253232240677,0.008891069737728685,0.07244939357042313,7.427350349999998,8.6405,40172,70074
Flexi + orb + geiss - the computer is your friend trust the computer.milk,high,0.41520076245069504,0.3965543061494827,1.0470211923362231,1.046902916187257,False,0.36461085081100464,0.9781689323861257,0.24144738167524338,0.13489116728305817,0.02101026475429535,0.0183222220512107,0.07390034943819046,7.569367136111111,8.528375,40097,70001
Hexcollie - Julian Shader Wars4 nz+ sports fart.milk,authored,0.6915736831724644,0.6915736831724644,1.0,1.0,False,0.11837408598512411,1.0,0.0,0.0,0.0,0.00037916737483101315,0.00021957444778308854,1.7515050222222224,2.33975,39463,48438
Hexcollie - Julian Shader Wars4 nz+ sports fart.milk,native_before,0.6912712994962931,0.6915736831724644,0.9995627600015313,0.9995633913278568,False,0.11883426876738667,1.0038875297615426,0.01460462823160924,0.0004056636244058609,0.0009840293787419796,4.8285540970027796e-05,0.00020126355320826406,4.063180572222225,5.211583,40120,69295
Hexcollie - Julian Shader Wars4 nz+ sports fart.milk,standard,0.7107665939256549,0.6915736831724644,1.0277525175121567,1.0277124459382774,False,0.003788624373555649,0.03200552166486641,0.20079802442342043,0.14810288790613413,0.11458546161156846,1.0238469903001146e-06,5.942102177414199e-06,3.8529140138888907,5.059334,39338,68614
Hexcollie - Julian Shader Wars4 nz+ sports fart.milk,medium,0.7107672486454248,0.6915736831724644,1.0277534642222266,1.0277133912814023,False,0.0037962043861625716,0.032069556056716964,0.20080515719018877,0.1481045875698328,0.11457788159896154,1.0654891884342987e-06,6.227296168503926e-06,6.347248466666662,7.125916,39383,68618
Hexcollie - Julian Shader Wars4 nz+ sports fart.milk,high,0.7107678977772593,0.6915736831724644,1.0277544028522676,1.027714328556165,False,0.003805462212767452,0.032147764277104356,0.20080700446851552,0.14810510072857141,0.11456862377235666,1.5869593532613635e-06,6.793251401404632e-06,6.998587011111116,8.022125,39430,68609
